image,species
0.jpg,BLACKBURNIAM WARBLER
1.jpg,HIMALAYAN MONAL
10.jpg,STRAWBERRY FINCH
100.jpg,DARK EYED JUNCO
1000.jpg,QUETZAL
1001.jpg,CLARKS NUTCRACKER
1002.jpg,BROWN NOODY
1003.jpg,NORTHERN RED BISHOP
1004.jpg,MASKED BOOBY
1005.jpg,CUBAN TODY
1006.jpg,NOISY FRIARBIRD
1007.jpg,BLACK-CAPPED CHICKADEE
1008.jpg,OVENBIRD
1009.jpg,SPOONBILL
101.jpg,KIWI
1010.jpg,VERMILION FLYCATHER
1011.jpg,RED TAILED THRUSH
1012.jpg,D-ARNAUDS BARBET
1013.jpg,CROWNED PIGEON
1014.jpg,BORNEAN BRISTLEHEAD
1015.jpg,BORNEAN PHEASANT
1016.jpg,BORNEAN PHEASANT
1017.jpg,HORNED GUAN
1018.jpg,LARK BUNTING
1019.jpg,DOWNY WOODPECKER
102.jpg,VARIED THRUSH
1020.jpg,CAPUCHINBIRD
1021.jpg,PARADISE TANAGER
1022.jpg,ROSY FACED LOVEBIRD
1023.jpg,TOUCHAN
1024.jpg,MALEO
1025.jpg,VULTURINE GUINEAFOWL
1026.jpg,BALD IBIS
1027.jpg,TEAL DUCK
1028.jpg,SANDHILL CRANE
1029.jpg,STORK BILLED KINGFISHER
103.jpg,CANARY
1030.jpg,BEARDED REEDLING
1031.jpg,AMERICAN BITTERN
1032.jpg,ANTBIRD
1033.jpg,BALD IBIS
1034.jpg,STRIPPED SWALLOW
1035.jpg,GAMBELS QUAIL
1036.jpg,BELTED KINGFISHER
1037.jpg,SAMATRAN THRUSH
1038.jpg,BLUE GROUSE
1039.jpg,TASMANIAN HEN
104.jpg,CERULEAN WARBLER
1040.jpg,INDIAN PITTA
1041.jpg,BULWERS PHEASANT
1042.jpg,BLUE GROUSE
1043.jpg,INDIAN BUSTARD
1044.jpg,BLUE GROUSE
1045.jpg,GOLDEN CHEEKED WARBLER
1046.jpg,HORNED LARK
1047.jpg,SPOON BILED SANDPIPER
1048.jpg,PEREGRINE FALCON
1049.jpg,RED TAILED HAWK
105.jpg,STRIPPED MANAKIN
1050.jpg,COCKATOO
1051.jpg,EMU
1052.jpg,AMERICAN BITTERN
1053.jpg,BARN SWALLOW
1054.jpg,CAPPED HERON
1055.jpg,GREEN MAGPIE
1056.jpg,SMITHS LONGSPUR
1057.jpg,RED WINGED BLACKBIRD
1058.jpg,NORTHERN GOSHAWK
1059.jpg,PEACOCK
106.jpg,GYRFALCON
1060.jpg,MALAGASY WHITE EYE
1061.jpg,FAIRY BLUEBIRD
1062.jpg,BLACK-CAPPED CHICKADEE
1063.jpg,BLACK TAIL CRAKE
1064.jpg,PUFFIN
1065.jpg,SCARLET MACAW
1066.jpg,OYSTER CATCHER
1067.jpg,COCKATOO
1068.jpg,SORA
1069.jpg,CHUKAR PARTRIDGE
107.jpg,OSPREY
1070.jpg,GRAY PARTRIDGE
1071.jpg,KAGU
1072.jpg,RING-NECKED PHEASANT
1073.jpg,ELEGANT TROGON
1074.jpg,MARABOU STORK
1075.jpg,FIRE TAILLED MYZORNIS
1076.jpg,TOUCHAN
1077.jpg,MASKED BOOBY
1078.jpg,VIOLET GREEN SWALLOW
1079.jpg,BLACK SKIMMER
108.jpg,NOISY FRIARBIRD
1080.jpg,RED TAILED HAWK
1081.jpg,PARADISE TANAGER
1082.jpg,DOUBLE BRESTED CORMARANT
1083.jpg,MAGPIE GOOSE
1084.jpg,HAWAIIAN GOOSE
1085.jpg,ROYAL FLYCATCHER
1086.jpg,SMITHS LONGSPUR
1087.jpg,SHORT BILLED DOWITCHER
1088.jpg,MALEO
1089.jpg,VULTURINE GUINEAFOWL
109.jpg,AMERICAN BITTERN
1090.jpg,KOOKABURRA
1091.jpg,FLAMINGO
1092.jpg,BLACK SWAN
1093.jpg,WILSONS BIRD OF PARADISE
1094.jpg,NORTHERN SHOVELER
1095.jpg,TURKEY VULTURE
1096.jpg,RUDY KINGFISHER
1097.jpg,ELEGANT TROGON
1098.jpg,EURASIAN GOLDEN ORIOLE
1099.jpg,OKINAWA RAIL
11.jpg,BEARDED BARBET
110.jpg,PURPLE FINCH
1100.jpg,NORTHERN GANNET
1101.jpg,RUFOUS KINGFISHER
1102.jpg,CRESTED NUTHATCH
1103.jpg,TIT MOUSE
1104.jpg,NORTHERN PARULA
1105.jpg,MOURNING DOVE
1106.jpg,TREE SWALLOW
1107.jpg,GREATOR SAGE GROUSE
1108.jpg,RED HEADED WOODPECKER
1109.jpg,CHUKAR PARTRIDGE
111.jpg,AMERICAN COOT
1110.jpg,EASTERN MEADOWLARK
1111.jpg,HOATZIN
1112.jpg,EMU
1113.jpg,AMERICAN GOLDFINCH
1114.jpg,EASTERN ROSELLA
1115.jpg,RUBY THROATED HUMMINGBIRD
1116.jpg,COUCHS KINGBIRD
1117.jpg,ANHINGA
1118.jpg,STRIPPED MANAKIN
1119.jpg,GILA WOODPECKER
112.jpg,PYGMY KINGFISHER
1120.jpg,NORTHERN BALD IBIS
1121.jpg,GREATOR SAGE GROUSE
1122.jpg,PALILA
1123.jpg,EASTERN MEADOWLARK
1124.jpg,MYNA
1125.jpg,AFRICAN FIREFINCH
1126.jpg,SUPERB STARLING
1127.jpg,PELICAN
1128.jpg,PINK ROBIN
1129.jpg,FRIGATE
113.jpg,TAIWAN MAGPIE
1130.jpg,IMPERIAL SHAQ
1131.jpg,CARMINE BEE-EATER
1132.jpg,BANDED BROADBILL
1133.jpg,RUDY KINGFISHER
1134.jpg,HORNED LARK
1135.jpg,COMMON LOON
1136.jpg,FLAMINGO
1137.jpg,BARRED PUFFBIRD
1138.jpg,BROWN THRASHER
1139.jpg,NORTHERN JACANA
114.jpg,CARMINE BEE-EATER
1140.jpg,VERMILION FLYCATHER
1141.jpg,MARABOU STORK
1142.jpg,RED TAILED THRUSH
1143.jpg,ANTBIRD
1144.jpg,WILSONS BIRD OF PARADISE
1145.jpg,DOWNY WOODPECKER
1146.jpg,BULWERS PHEASANT
1147.jpg,DOUBLE BARRED FINCH
1148.jpg,HORNBILL
1149.jpg,CASPIAN TERN
115.jpg,RUFOUS KINGFISHER
1150.jpg,GOLDEN PIPIT
1151.jpg,WHITE THROATED BEE EATER
1152.jpg,COMMON POORWILL
1153.jpg,GOULDIAN FINCH
1154.jpg,BARRED PUFFBIRD
1155.jpg,BAR-TAILED GODWIT
1156.jpg,HAWAIIAN GOOSE
1157.jpg,DOWNY WOODPECKER
1158.jpg,KIWI
1159.jpg,RING-NECKED PHEASANT
116.jpg,EASTERN ROSELLA
1160.jpg,EURASIAN GOLDEN ORIOLE
1161.jpg,TAIWAN MAGPIE
1162.jpg,EASTERN ROSELLA
1163.jpg,COMMON FIRECREST
1164.jpg,PURPLE MARTIN
1165.jpg,NORTHERN RED BISHOP
1166.jpg,PHILIPPINE EAGLE
1167.jpg,NOISY FRIARBIRD
1168.jpg,GOLDEN EAGLE
1169.jpg,STRAWBERRY FINCH
117.jpg,AMERICAN GOLDFINCH
1170.jpg,CRESTED AUKLET
1171.jpg,DARK EYED JUNCO
1172.jpg,AMERICAN KESTREL
1173.jpg,WATTLED CURASSOW
1174.jpg,GRAY PARTRIDGE
1175.jpg,BLACK VULTURE
1176.jpg,WHIMBREL
1177.jpg,ROADRUNNER
1178.jpg,STEAMER DUCK
1179.jpg,MAGPIE GOOSE
118.jpg,YELLOW HEADED BLACKBIRD
1180.jpg,GREY PLOVER
1181.jpg,GOULDIAN FINCH
1182.jpg,VICTORIA CROWNED PIGEON
1183.jpg,HARPY EAGLE
1184.jpg,ARARIPE MANAKIN
1185.jpg,FLAME TANAGER
1186.jpg,GRAY CATBIRD
1187.jpg,RED TAILED THRUSH
1188.jpg,COMMON LOON
1189.jpg,BLACK THROATED BUSHTIT
119.jpg,BEARDED BELLBIRD
1190.jpg,WATTLED CURASSOW
1191.jpg,CALIFORNIA GULL
1192.jpg,CAPPED HERON
1193.jpg,ASIAN CRESTED IBIS
1194.jpg,INDIAN PITTA
1195.jpg,BLACK FRANCOLIN
1196.jpg,COMMON STARLING
1197.jpg,UMBRELLA BIRD
1198.jpg,HORNBILL
1199.jpg,CANARY
12.jpg,MARABOU STORK
120.jpg,PYGMY KINGFISHER
1200.jpg,LONG-EARED OWL
1201.jpg,OSTRICH
1202.jpg,AFRICAN FIREFINCH
1203.jpg,RED TAILED THRUSH
1204.jpg,ROSY FACED LOVEBIRD
1205.jpg,RUDY KINGFISHER
1206.jpg,WILSONS BIRD OF PARADISE
1207.jpg,CARMINE BEE-EATER
1208.jpg,BARN OWL
1209.jpg,PHILIPPINE EAGLE
121.jpg,ALBATROSS
1210.jpg,GUINEAFOWL
1211.jpg,ANHINGA
1212.jpg,RED FACED CORMORANT
1213.jpg,COCKATOO
1214.jpg,PARADISE TANAGER
1215.jpg,NOISY FRIARBIRD
1216.jpg,ROCK DOVE
1217.jpg,COMMON GRACKLE
1218.jpg,GOLDEN CHLOROPHONIA
1219.jpg,BLACK VULTURE
122.jpg,BLUE HERON
1220.jpg,OSTRICH
1221.jpg,BARRED PUFFBIRD
1222.jpg,COUCHS KINGBIRD
1223.jpg,MALEO
1224.jpg,FIRE TAILLED MYZORNIS
1225.jpg,SCARLET MACAW
1226.jpg,ROCK DOVE
1227.jpg,GOULDIAN FINCH
1228.jpg,SCARLET TANAGER
1229.jpg,NORTHERN GANNET
123.jpg,CUBAN TROGON
1230.jpg,COMMON STARLING
1231.jpg,SAMATRAN THRUSH
1232.jpg,GOLDEN EAGLE
1233.jpg,PELICAN
1234.jpg,YELLOW HEADED BLACKBIRD
1235.jpg,BULWERS PHEASANT
1236.jpg,CURL CRESTED ARACURI
1237.jpg,BLACK VULTURE
1238.jpg,NORTHERN RED BISHOP
1239.jpg,RED FACED WARBLER
124.jpg,KILLDEAR
1240.jpg,GRAY PARTRIDGE
1241.jpg,EMPEROR PENGUIN
1242.jpg,NORTHERN FLICKER
1243.jpg,VENEZUELIAN TROUPIAL
1244.jpg,CLARKS NUTCRACKER
1245.jpg,RING-NECKED PHEASANT
1246.jpg,OVENBIRD
1247.jpg,NORTHERN MOCKINGBIRD
1248.jpg,OYSTER CATCHER
1249.jpg,MASKED BOOBY
125.jpg,CROW
1250.jpg,CUBAN TODY
1251.jpg,ASIAN CRESTED IBIS
1252.jpg,PINK ROBIN
1253.jpg,EVENING GROSBEAK
1254.jpg,NORTHERN PARULA
1255.jpg,CACTUS WREN
1256.jpg,AMERICAN REDSTART
1257.jpg,NORTHERN RED BISHOP
1258.jpg,SANDHILL CRANE
1259.jpg,BLACK-CAPPED CHICKADEE
126.jpg,NORTHERN PARULA
1260.jpg,AMERICAN REDSTART
1261.jpg,ELEGANT TROGON
1262.jpg,DARK EYED JUNCO
1263.jpg,ANNAS HUMMINGBIRD
1264.jpg,ROUGH LEG BUZZARD
1265.jpg,OCELLATED TURKEY
1266.jpg,BARN OWL
1267.jpg,SWINHOES PHEASANT
1268.jpg,PUFFIN
1269.jpg,VERMILION FLYCATHER
127.jpg,ELEGANT TROGON
1270.jpg,CAPUCHINBIRD
1271.jpg,GRAY PARTRIDGE
1272.jpg,DOUBLE BARRED FINCH
1273.jpg,SAMATRAN THRUSH
1274.jpg,MARABOU STORK
1275.jpg,VULTURINE GUINEAFOWL
1276.jpg,HAWAIIAN GOOSE
1277.jpg,NORTHERN MOCKINGBIRD
1278.jpg,BEARDED BELLBIRD
1279.jpg,COLLARED ARACARI
128.jpg,TOUCHAN
1280.jpg,BULWERS PHEASANT
1281.jpg,NORTHERN GANNET
1282.jpg,STRIPPED MANAKIN
1283.jpg,PURPLE SWAMPHEN
1284.jpg,NORTHERN PARULA
1285.jpg,NORTHERN RED BISHOP
1286.jpg,MARABOU STORK
1287.jpg,EASTERN BLUEBIRD
1288.jpg,MALACHITE KINGFISHER
1289.jpg,NORTHERN RED BISHOP
129.jpg,PURPLE SWAMPHEN
1290.jpg,COUCHS KINGBIRD
1291.jpg,SNOWY OWL
1292.jpg,VICTORIA CROWNED PIGEON
1293.jpg,GRAY CATBIRD
1294.jpg,ROYAL FLYCATCHER
1295.jpg,FRIGATE
1296.jpg,AFRICAN CROWNED CRANE
1297.jpg,KAGU
1298.jpg,RED TAILED HAWK
1299.jpg,DOWNY WOODPECKER
13.jpg,NORTHERN GANNET
130.jpg,VULTURINE GUINEAFOWL
1300.jpg,EMU
1301.jpg,BLACK SKIMMER
1302.jpg,GREY PLOVER
1303.jpg,KAKAPO
1304.jpg,BORNEAN LEAFBIRD
1305.jpg,EASTERN ROSELLA
1306.jpg,BROWN CREPPER
1307.jpg,GOLDEN PIPIT
1308.jpg,BARRED PUFFBIRD
1309.jpg,GANG GANG COCKATOO
131.jpg,HORNBILL
1310.jpg,STEAMER DUCK
1311.jpg,TURKEY VULTURE
1312.jpg,TRUMPTER SWAN
1313.jpg,COMMON LOON
1314.jpg,EASTERN TOWEE
1315.jpg,RED TAILED HAWK
1316.jpg,SAND MARTIN
1317.jpg,GREY PLOVER
1318.jpg,INCA TERN
1319.jpg,WHITE CHEEKED TURACO
132.jpg,ALEXANDRINE PARAKEET
1320.jpg,RUDY KINGFISHER
1321.jpg,RED BROWED FINCH
1322.jpg,FAIRY BLUEBIRD
1323.jpg,STEAMER DUCK
1324.jpg,STEAMER DUCK
1325.jpg,PURPLE GALLINULE
1326.jpg,CAPE MAY WARBLER
1327.jpg,GREEN BROADBILL
1328.jpg,PUFFIN
1329.jpg,NORTHERN MOCKINGBIRD
133.jpg,PINK ROBIN
1330.jpg,GAMBELS QUAIL
1331.jpg,TOUCHAN
1332.jpg,NORTHERN BALD IBIS
1333.jpg,GOLDEN EAGLE
1334.jpg,GOLDEN CHEEKED WARBLER
1335.jpg,BLUE HERON
1336.jpg,BLACK THROATED BUSHTIT
1337.jpg,WALL CREAPER
1338.jpg,WHITE THROATED BEE EATER
1339.jpg,BLACK-NECKED GREBE
134.jpg,GOLDEN CHLOROPHONIA
1340.jpg,WILSONS BIRD OF PARADISE
1341.jpg,GO AWAY BIRD
1342.jpg,BEARDED BARBET
1343.jpg,BLACK THROATED BUSHTIT
1344.jpg,RED FACED WARBLER
1345.jpg,BLONDE CRESTED WOODPECKER
1346.jpg,COLLARED ARACARI
1347.jpg,STRIPPED MANAKIN
1348.jpg,PURPLE GALLINULE
1349.jpg,PEREGRINE FALCON
135.jpg,NORTHERN GOSHAWK
1350.jpg,NOISY FRIARBIRD
1351.jpg,BAR-TAILED GODWIT
1352.jpg,CAPPED HERON
1353.jpg,GYRFALCON
1354.jpg,PURPLE FINCH
1355.jpg,BLACK THROATED BUSHTIT
1356.jpg,PARUS MAJOR
1357.jpg,TAIWAN MAGPIE
1358.jpg,TOWNSENDS WARBLER
1359.jpg,PURPLE SWAMPHEN
136.jpg,COUCHS KINGBIRD
1360.jpg,BROWN THRASHER
1361.jpg,TURQUOISE MOTMOT
1362.jpg,RED BELLIED PITTA
1363.jpg,CRESTED CARACARA
1364.jpg,TEAL DUCK
1365.jpg,BELTED KINGFISHER
1366.jpg,RED BELLIED PITTA
1367.jpg,D-ARNAUDS BARBET
1368.jpg,CALIFORNIA QUAIL
1369.jpg,INDIAN BUSTARD
137.jpg,BAR-TAILED GODWIT
1370.jpg,QUETZAL
1371.jpg,EURASIAN GOLDEN ORIOLE
1372.jpg,BEARDED REEDLING
1373.jpg,ELLIOTS  PHEASANT
1374.jpg,BLACKBURNIAM WARBLER
1375.jpg,HOODED MERGANSER
1376.jpg,CLARKS NUTCRACKER
1377.jpg,SCARLET MACAW
1378.jpg,PAINTED BUNTIG
1379.jpg,MASKED LAPWING
138.jpg,COCKATOO
1380.jpg,NORTHERN SHOVELER
1381.jpg,MALAGASY WHITE EYE
1382.jpg,HOATZIN
1383.jpg,RAINBOW LORIKEET
1384.jpg,GOLDEN EAGLE
1385.jpg,CAPUCHINBIRD
1386.jpg,GYRFALCON
1387.jpg,PHILIPPINE EAGLE
1388.jpg,D-ARNAUDS BARBET
1389.jpg,TAKAHE
139.jpg,RED TAILED HAWK
1390.jpg,RED WISKERED BULBUL
1391.jpg,BLACK & YELLOW bROADBILL
1392.jpg,TRUMPTER SWAN
1393.jpg,COMMON GRACKLE
1394.jpg,COUCHS KINGBIRD
1395.jpg,ELLIOTS  PHEASANT
1396.jpg,BLACK SKIMMER
1397.jpg,BROWN NOODY
1398.jpg,LILAC ROLLER
1399.jpg,BARN OWL
14.jpg,AMERICAN GOLDFINCH
140.jpg,STEAMER DUCK
1400.jpg,AFRICAN FIREFINCH
1401.jpg,HORNED GUAN
1402.jpg,CASPIAN TERN
1403.jpg,GREATOR SAGE GROUSE
1404.jpg,RAZORBILL
1405.jpg,INDIAN PITTA
1406.jpg,SAMATRAN THRUSH
1407.jpg,COLLARED ARACARI
1408.jpg,SRI LANKA BLUE MAGPIE
1409.jpg,CLARKS NUTCRACKER
141.jpg,ENGGANO MYNA
1410.jpg,MASKED LAPWING
1411.jpg,COMMON GRACKLE
1412.jpg,JAVA SPARROW
1413.jpg,SCARLET TANAGER
1414.jpg,AFRICAN CROWNED CRANE
1415.jpg,OYSTER CATCHER
1416.jpg,BLACK-THROATED SPARROW
1417.jpg,DARK EYED JUNCO
1418.jpg,CHIPPING SPARROW
1419.jpg,BLACK TAIL CRAKE
142.jpg,TAKAHE
1420.jpg,FIRE TAILLED MYZORNIS
1421.jpg,YELLOW HEADED BLACKBIRD
1422.jpg,RED HEADED DUCK
1423.jpg,FLAME TANAGER
1424.jpg,HOUSE FINCH
1425.jpg,TAKAHE
1426.jpg,BANDED PITA
1427.jpg,BLACK-CAPPED CHICKADEE
1428.jpg,GOLDEN CHLOROPHONIA
1429.jpg,BLACK VULTURE
143.jpg,HOUSE SPARROW
1430.jpg,ROADRUNNER
1431.jpg,RED FACED WARBLER
1432.jpg,FLAME TANAGER
1433.jpg,WHITE CHEEKED TURACO
1434.jpg,CHUKAR PARTRIDGE
1435.jpg,TASMANIAN HEN
1436.jpg,BORNEAN PHEASANT
1437.jpg,BAR-TAILED GODWIT
1438.jpg,BANDED BROADBILL
1439.jpg,WILD TURKEY
144.jpg,PARUS MAJOR
1440.jpg,RED TAILED THRUSH
1441.jpg,STRAWBERRY FINCH
1442.jpg,SHOEBILL
1443.jpg,NORTHERN GANNET
1444.jpg,RED BELLIED PITTA
1445.jpg,CAPUCHINBIRD
1446.jpg,PUFFIN
1447.jpg,PALILA
1448.jpg,GOLDEN PIPIT
1449.jpg,OYSTER CATCHER
145.jpg,MALACHITE KINGFISHER
1450.jpg,GOLDEN PIPIT
1451.jpg,VICTORIA CROWNED PIGEON
1452.jpg,SNOWY OWL
1453.jpg,NORTHERN BALD IBIS
1454.jpg,BALI STARLING
1455.jpg,SRI LANKA BLUE MAGPIE
1456.jpg,BARN SWALLOW
1457.jpg,JAVA SPARROW
1458.jpg,BALI STARLING
1459.jpg,KILLDEAR
146.jpg,EMU
1460.jpg,RUFOUS KINGFISHER
1461.jpg,AMERICAN REDSTART
1462.jpg,BEARDED BARBET
1463.jpg,BLUE HERON
1464.jpg,BANDED BROADBILL
1465.jpg,TASMANIAN HEN
1466.jpg,REGENT BOWERBIRD
1467.jpg,EASTERN BLUEBIRD
1468.jpg,WILD TURKEY
1469.jpg,RED BELLIED PITTA
147.jpg,GREEN BROADBILL
1470.jpg,GLOSSY IBIS
1471.jpg,HOUSE FINCH
1472.jpg,EMPEROR PENGUIN
1473.jpg,NORTHERN FLICKER
1474.jpg,RAZORBILL
1475.jpg,COMMON GRACKLE
1476.jpg,WHIMBREL
1477.jpg,GYRFALCON
1478.jpg,CANARY
1479.jpg,MARABOU STORK
148.jpg,CURL CRESTED ARACURI
1480.jpg,AMERICAN REDSTART
1481.jpg,SORA
1482.jpg,CRESTED CARACARA
1483.jpg,VULTURINE GUINEAFOWL
1484.jpg,RUFOUS KINGFISHER
1485.jpg,CASPIAN TERN
1486.jpg,CASSOWARY
1487.jpg,RED BELLIED PITTA
1488.jpg,PYGMY KINGFISHER
1489.jpg,BLACK VULTURE
149.jpg,TRUMPTER SWAN
1490.jpg,KOOKABURRA
1491.jpg,PURPLE SWAMPHEN
1492.jpg,INDIAN BUSTARD
1493.jpg,CUBAN TROGON
1494.jpg,RED BEARDED BEE EATER
1495.jpg,CERULEAN WARBLER
1496.jpg,HORNED SUNGEM
1497.jpg,BEARDED BARBET
1498.jpg,RAINBOW LORIKEET
1499.jpg,MALLARD DUCK
15.jpg,NORTHERN FLICKER
150.jpg,RED BROWED FINCH
1500.jpg,NORTHERN JACANA
1501.jpg,BALD EAGLE
1502.jpg,CROWNED PIGEON
1503.jpg,SCARLET TANAGER
1504.jpg,AMERICAN AVOCET
1505.jpg,QUETZAL
1506.jpg,MASKED BOOBY
1507.jpg,INDIAN PITTA
1508.jpg,GILDED FLICKER
1509.jpg,NORTHERN BALD IBIS
151.jpg,EMU
1510.jpg,FLAME TANAGER
1511.jpg,COLLARED ARACARI
1512.jpg,BORNEAN BRISTLEHEAD
1513.jpg,SHORT BILLED DOWITCHER
1514.jpg,ANNAS HUMMINGBIRD
1515.jpg,HORNBILL
1516.jpg,SCARLET TANAGER
1517.jpg,KAGU
1518.jpg,SNOWY EGRET
1519.jpg,GOLDEN PHEASANT
152.jpg,BEARDED REEDLING
1520.jpg,CARMINE BEE-EATER
1521.jpg,RED HEADED WOODPECKER
1522.jpg,NORTHERN GANNET
1523.jpg,COUCHS KINGBIRD
1524.jpg,BLACK-NECKED GREBE
1525.jpg,CRESTED CARACARA
1526.jpg,SPOONBILL
1527.jpg,TEAL DUCK
1528.jpg,BLACK SKIMMER
1529.jpg,RED WINGED BLACKBIRD
153.jpg,ASIAN CRESTED IBIS
1530.jpg,VERMILION FLYCATHER
1531.jpg,SHORT BILLED DOWITCHER
1532.jpg,SCARLET TANAGER
1533.jpg,OSTRICH
1534.jpg,BORNEAN BRISTLEHEAD
1535.jpg,FRIGATE
1536.jpg,ANHINGA
1537.jpg,TRUMPTER SWAN
1538.jpg,SCARLET TANAGER
1539.jpg,AMERICAN KESTREL
154.jpg,STEAMER DUCK
1540.jpg,TAKAHE
1541.jpg,CACTUS WREN
1542.jpg,BELTED KINGFISHER
1543.jpg,STORK BILLED KINGFISHER
1544.jpg,SCARLET TANAGER
1545.jpg,GILDED FLICKER
1546.jpg,HORNED LARK
1547.jpg,BORNEAN BRISTLEHEAD
1548.jpg,FLAMINGO
1549.jpg,AMERICAN REDSTART
155.jpg,OKINAWA RAIL
1550.jpg,PUFFIN
1551.jpg,WILSONS BIRD OF PARADISE
1552.jpg,BARN SWALLOW
1553.jpg,SNOWY EGRET
1554.jpg,SNOWY EGRET
1555.jpg,SNOWY EGRET
1556.jpg,KING VULTURE
1557.jpg,INDIAN PITTA
1558.jpg,ROBIN
1559.jpg,ROUGH LEG BUZZARD
156.jpg,HOUSE SPARROW
1560.jpg,COMMON FIRECREST
1561.jpg,MARABOU STORK
1562.jpg,MARABOU STORK
1563.jpg,ALEXANDRINE PARAKEET
1564.jpg,CASPIAN TERN
1565.jpg,BORNEAN BRISTLEHEAD
1566.jpg,AFRICAN FIREFINCH
1567.jpg,CANARY
1568.jpg,COLLARED ARACARI
1569.jpg,BORNEAN BRISTLEHEAD
157.jpg,MASKED BOOBY
1570.jpg,COCK OF THE  ROCK
1571.jpg,TRUMPTER SWAN
1572.jpg,KING VULTURE
1573.jpg,GLOSSY IBIS
1574.jpg,SNOWY EGRET
1575.jpg,AFRICAN FIREFINCH
1576.jpg,GOLDEN PHEASANT
1577.jpg,GUINEA TURACO
1578.jpg,AMERICAN KESTREL
1579.jpg,GLOSSY IBIS
158.jpg,RAZORBILL
1580.jpg,TRUMPTER SWAN
1581.jpg,TIT MOUSE
1582.jpg,CRIMSON SUNBIRD
1583.jpg,TEAL DUCK
1584.jpg,AFRICAN FIREFINCH
1585.jpg,NORTHERN PARULA
1586.jpg,WILSONS BIRD OF PARADISE
1587.jpg,GOLDEN PHEASANT
1588.jpg,AFRICAN CROWNED CRANE
1589.jpg,SCARLET TANAGER
159.jpg,CROWNED PIGEON
1590.jpg,NORTHERN GANNET
1591.jpg,SCARLET TANAGER
1592.jpg,TRUMPTER SWAN
1593.jpg,BALD IBIS
1594.jpg,BLACK SKIMMER
1595.jpg,WILSONS BIRD OF PARADISE
1596.jpg,CACTUS WREN
1597.jpg,BEARDED BARBET
1598.jpg,EURASIAN MAGPIE
1599.jpg,AMERICAN BITTERN
16.jpg,CANARY
160.jpg,PYGMY KINGFISHER
1600.jpg,BALD IBIS
1601.jpg,SCARLET TANAGER
1602.jpg,WHIMBREL
1603.jpg,SCARLET TANAGER
1604.jpg,NORTHERN BALD IBIS
1605.jpg,CAPPED HERON
1606.jpg,SNOWY EGRET
1607.jpg,SPOON BILED SANDPIPER
1608.jpg,AFRICAN FIREFINCH
1609.jpg,EASTERN ROSELLA
161.jpg,MALLARD DUCK
1610.jpg,FLAMINGO
1611.jpg,VERMILION FLYCATHER
1612.jpg,CRIMSON SUNBIRD
1613.jpg,ASIAN CRESTED IBIS
1614.jpg,SCARLET TANAGER
1615.jpg,BLUE HERON
1616.jpg,BROWN CREPPER
1617.jpg,PUFFIN
1618.jpg,NOISY FRIARBIRD
1619.jpg,BALD IBIS
162.jpg,RED TAILED HAWK
1620.jpg,PELICAN
1621.jpg,CUBAN TROGON
1622.jpg,WILD TURKEY
1623.jpg,STEAMER DUCK
1624.jpg,AMERICAN BITTERN
1625.jpg,MARABOU STORK
1626.jpg,BLACK VULTURE
1627.jpg,COMMON FIRECREST
1628.jpg,SHORT BILLED DOWITCHER
1629.jpg,AFRICAN CROWNED CRANE
163.jpg,TREE SWALLOW
1630.jpg,OKINAWA RAIL
1631.jpg,HORNED LARK
1632.jpg,TRUMPTER SWAN
1633.jpg,FAIRY BLUEBIRD
1634.jpg,BANDED PITA
1635.jpg,BLUE GROUSE
1636.jpg,RED FACED WARBLER
1637.jpg,OSTRICH
1638.jpg,GUINEA TURACO
1639.jpg,RED NAPED TROGON
164.jpg,EASTERN MEADOWLARK
1640.jpg,PEREGRINE FALCON
1641.jpg,PALILA
1642.jpg,MARABOU STORK
1643.jpg,TEAL DUCK
1644.jpg,SCARLET TANAGER
1645.jpg,CRIMSON SUNBIRD
1646.jpg,BIRD OF PARADISE
1647.jpg,DOWNY WOODPECKER
1648.jpg,BOBOLINK
1649.jpg,CRESTED CARACARA
165.jpg,BLUE HERON
1650.jpg,NORTHERN GOSHAWK
1651.jpg,NORTHERN GANNET
1652.jpg,OCELLATED TURKEY
1653.jpg,VIOLET GREEN SWALLOW
1654.jpg,COMMON FIRECREST
1655.jpg,HORNED GUAN
1656.jpg,COCK OF THE  ROCK
1657.jpg,GOLDEN CHLOROPHONIA
1658.jpg,BANDED BROADBILL
1659.jpg,CACTUS WREN
166.jpg,HIMALAYAN MONAL
1660.jpg,MAGPIE GOOSE
1661.jpg,TOUCHAN
1662.jpg,HELMET VANGA
1663.jpg,HAWAIIAN GOOSE
1664.jpg,UMBRELLA BIRD
1665.jpg,COLLARED ARACARI
1666.jpg,EASTERN MEADOWLARK
1667.jpg,MASKED BOOBY
1668.jpg,GOLDEN PHEASANT
1669.jpg,STORK BILLED KINGFISHER
167.jpg,ANTBIRD
1670.jpg,HOATZIN
1671.jpg,PEACOCK
1672.jpg,TOUCHAN
1673.jpg,ANTBIRD
1674.jpg,KILLDEAR
1675.jpg,TEAL DUCK
1676.jpg,STEAMER DUCK
1677.jpg,GOULDIAN FINCH
1678.jpg,VARIED THRUSH
1679.jpg,BALTIMORE ORIOLE
168.jpg,FRIGATE
1680.jpg,JAVA SPARROW
1681.jpg,RED TAILED THRUSH
1682.jpg,HELMET VANGA
1683.jpg,BEARDED REEDLING
1684.jpg,CLARKS NUTCRACKER
1685.jpg,BROWN THRASHER
1686.jpg,MANDRIN DUCK
1687.jpg,NORTHERN JACANA
1688.jpg,NORTHERN MOCKINGBIRD
1689.jpg,SORA
169.jpg,YELLOW CACIQUE
1690.jpg,GILA WOODPECKER
1691.jpg,BLACKBURNIAM WARBLER
1692.jpg,PAINTED BUNTIG
1693.jpg,BAR-TAILED GODWIT
1694.jpg,LILAC ROLLER
1695.jpg,COMMON HOUSE MARTIN
1696.jpg,PELICAN
1697.jpg,NORTHERN RED BISHOP
1698.jpg,ANHINGA
1699.jpg,EMPEROR PENGUIN
17.jpg,RED FACED CORMORANT
170.jpg,RED TAILED THRUSH
1700.jpg,KOOKABURRA
1701.jpg,BLACK FRANCOLIN
1702.jpg,SPLENDID WREN
1703.jpg,RUFUOS MOTMOT
1704.jpg,COUCHS KINGBIRD
1705.jpg,SCARLET MACAW
1706.jpg,MALEO
1707.jpg,YELLOW CACIQUE
1708.jpg,CHARA DE COLLAR
1709.jpg,BARN SWALLOW
171.jpg,AMERICAN AVOCET
1710.jpg,NOISY FRIARBIRD
1711.jpg,INDIAN BUSTARD
1712.jpg,BLONDE CRESTED WOODPECKER
1713.jpg,INDIAN BUSTARD
1714.jpg,KIWI
1715.jpg,EASTERN TOWEE
1716.jpg,BALD IBIS
1717.jpg,PARAKETT  AKULET
1718.jpg,BORNEAN PHEASANT
1719.jpg,SORA
172.jpg,SPOON BILED SANDPIPER
1720.jpg,BLACK THROATED BUSHTIT
1721.jpg,CRIMSON SUNBIRD
1722.jpg,GRAY PARTRIDGE
1723.jpg,DOWNY WOODPECKER
1724.jpg,ROYAL FLYCATCHER
1725.jpg,RUFOUS KINGFISHER
1726.jpg,ROCK DOVE
1727.jpg,MOURNING DOVE
1728.jpg,GOLDEN EAGLE
1729.jpg,WHITE THROATED BEE EATER
173.jpg,STORK BILLED KINGFISHER
1730.jpg,TASMANIAN HEN
1731.jpg,CASPIAN TERN
1732.jpg,LEARS MACAW
1733.jpg,MALACHITE KINGFISHER
1734.jpg,DOUBLE BARRED FINCH
1735.jpg,GAMBELS QUAIL
1736.jpg,PUFFIN
1737.jpg,CRIMSON SUNBIRD
1738.jpg,BANDED BROADBILL
1739.jpg,PEACOCK
174.jpg,FLAME TANAGER
1740.jpg,ROADRUNNER
1741.jpg,PEACOCK
1742.jpg,HOUSE SPARROW
1743.jpg,RUFOUS KINGFISHER
1744.jpg,GILA WOODPECKER
1745.jpg,HOOPOES
1746.jpg,TASMANIAN HEN
1747.jpg,GOLDEN PIPIT
1748.jpg,EMU
1749.jpg,BLACK SKIMMER
175.jpg,ANHINGA
1750.jpg,COUCHS KINGBIRD
1751.jpg,GRAY PARTRIDGE
1752.jpg,BLACK FRANCOLIN
1753.jpg,QUETZAL
1754.jpg,MALACHITE KINGFISHER
1755.jpg,RUBY THROATED HUMMINGBIRD
1756.jpg,BORNEAN LEAFBIRD
1757.jpg,AMERICAN GOLDFINCH
1758.jpg,DARK EYED JUNCO
1759.jpg,RED WISKERED BULBUL
176.jpg,COCK OF THE  ROCK
1760.jpg,ROCK DOVE
1761.jpg,ROUGH LEG BUZZARD
1762.jpg,GOLDEN EAGLE
1763.jpg,PAINTED BUNTIG
1764.jpg,VERMILION FLYCATHER
1765.jpg,LONG-EARED OWL
1766.jpg,NORTHERN PARULA
1767.jpg,CUBAN TODY
1768.jpg,NORTHERN RED BISHOP
1769.jpg,GILDED FLICKER
177.jpg,TEAL DUCK
1770.jpg,PURPLE SWAMPHEN
1771.jpg,HARPY EAGLE
1772.jpg,PURPLE FINCH
1773.jpg,EASTERN TOWEE
1774.jpg,RED HONEY CREEPER
1775.jpg,BROWN CREPPER
1776.jpg,MYNA
1777.jpg,CAPUCHINBIRD
1778.jpg,FRIGATE
1779.jpg,OSTRICH
178.jpg,MANDRIN DUCK
1780.jpg,PYGMY KINGFISHER
1781.jpg,ANHINGA
1782.jpg,GILA WOODPECKER
1783.jpg,RED TAILED HAWK
1784.jpg,BLACK-NECKED GREBE
1785.jpg,RAINBOW LORIKEET
1786.jpg,NORTHERN GOSHAWK
1787.jpg,AMERICAN BITTERN
1788.jpg,ASIAN CRESTED IBIS
1789.jpg,BLACK-THROATED SPARROW
179.jpg,PURPLE SWAMPHEN
1790.jpg,RUBY THROATED HUMMINGBIRD
1791.jpg,INDIAN PITTA
1792.jpg,BROWN THRASHER
1793.jpg,ANHINGA
1794.jpg,COCKATOO
1795.jpg,RUDY KINGFISHER
1796.jpg,PUFFIN
1797.jpg,CASPIAN TERN
1798.jpg,IMPERIAL SHAQ
1799.jpg,VICTORIA CROWNED PIGEON
18.jpg,NORTHERN CARDINAL
180.jpg,HORNED LARK
1800.jpg,ROADRUNNER
1801.jpg,AMERICAN AVOCET
1802.jpg,HOATZIN
1803.jpg,MALLARD DUCK
1804.jpg,OYSTER CATCHER
1805.jpg,HAWAIIAN GOOSE
1806.jpg,BARN SWALLOW
1807.jpg,GAMBELS QUAIL
1808.jpg,NORTHERN GOSHAWK
1809.jpg,BANDED BROADBILL
181.jpg,RUFOUS KINGFISHER
1810.jpg,RED BROWED FINCH
1811.jpg,AFRICAN CROWNED CRANE
1812.jpg,JAVA SPARROW
1813.jpg,NOISY FRIARBIRD
1814.jpg,HOUSE FINCH
1815.jpg,COMMON STARLING
1816.jpg,SAND MARTIN
1817.jpg,CASSOWARY
1818.jpg,BARN OWL
1819.jpg,SCARLET TANAGER
182.jpg,ORANGE BRESTED BUNTING
1820.jpg,FLAMINGO
1821.jpg,ANNAS HUMMINGBIRD
1822.jpg,RED TAILED HAWK
1823.jpg,ANNAS HUMMINGBIRD
1824.jpg,CALIFORNIA CONDOR
1825.jpg,TOWNSENDS WARBLER
1826.jpg,TOUCHAN
1827.jpg,MARABOU STORK
1828.jpg,BALD IBIS
1829.jpg,INDIAN PITTA
183.jpg,BROWN THRASHER
1830.jpg,NORTHERN FLICKER
1831.jpg,AMERICAN BITTERN
1832.jpg,ELLIOTS  PHEASANT
1833.jpg,CAPUCHINBIRD
1834.jpg,BARN OWL
1835.jpg,WILD TURKEY
1836.jpg,BLACK-NECKED GREBE
1837.jpg,BLUE GROUSE
1838.jpg,KIWI
1839.jpg,CUBAN TROGON
184.jpg,DOUBLE BARRED FINCH
1840.jpg,MASKED BOOBY
1841.jpg,KAKAPO
1842.jpg,ROCK DOVE
1843.jpg,SORA
1844.jpg,RED HONEY CREEPER
1845.jpg,HORNBILL
1846.jpg,WOOD DUCK
1847.jpg,COCK OF THE  ROCK
1848.jpg,COMMON POORWILL
1849.jpg,CUBAN TODY
185.jpg,GREY PLOVER
1850.jpg,ANHINGA
1851.jpg,RED TAILED HAWK
1852.jpg,GUINEA TURACO
1853.jpg,AMERICAN BITTERN
1854.jpg,EASTERN ROSELLA
1855.jpg,HIMALAYAN MONAL
1856.jpg,GREAT POTOO
1857.jpg,PARADISE TANAGER
1858.jpg,COMMON LOON
1859.jpg,TURQUOISE MOTMOT
186.jpg,BARN SWALLOW
1860.jpg,GUINEA TURACO
1861.jpg,GOULDIAN FINCH
1862.jpg,SRI LANKA BLUE MAGPIE
1863.jpg,SCARLET MACAW
1864.jpg,PEREGRINE FALCON
1865.jpg,GRAY PARTRIDGE
1866.jpg,KAKAPO
1867.jpg,KILLDEAR
1868.jpg,BLACK-CAPPED CHICKADEE
1869.jpg,CEDAR WAXWING
187.jpg,STEAMER DUCK
1870.jpg,NICOBAR PIGEON
1871.jpg,VENEZUELIAN TROUPIAL
1872.jpg,TOWNSENDS WARBLER
1873.jpg,RED WINGED BLACKBIRD
1874.jpg,STEAMER DUCK
1875.jpg,TREE SWALLOW
1876.jpg,BEARDED BELLBIRD
1877.jpg,BLACK SKIMMER
1878.jpg,GREEN JAY
1879.jpg,LONG-EARED OWL
188.jpg,WHIMBREL
1880.jpg,COMMON GRACKLE
1881.jpg,CRESTED CARACARA
1882.jpg,CHIPPING SPARROW
1883.jpg,SCARLET IBIS
1884.jpg,COMMON FIRECREST
1885.jpg,COCK OF THE  ROCK
1886.jpg,HAWAIIAN GOOSE
1887.jpg,SAND MARTIN
1888.jpg,DOUBLE BARRED FINCH
1889.jpg,COCK OF THE  ROCK
189.jpg,STRIPPED MANAKIN
1890.jpg,SWINHOES PHEASANT
1891.jpg,BLACK & YELLOW bROADBILL
1892.jpg,TRUMPTER SWAN
1893.jpg,MIKADO  PHEASANT
1894.jpg,PINK ROBIN
1895.jpg,ALBATROSS
1896.jpg,LILAC ROLLER
1897.jpg,RED TAILED HAWK
1898.jpg,SPOONBILL
1899.jpg,BALI STARLING
19.jpg,INCA TERN
190.jpg,FAIRY BLUEBIRD
1900.jpg,OCELLATED TURKEY
1901.jpg,BARRED PUFFBIRD
1902.jpg,MAGPIE GOOSE
1903.jpg,AFRICAN CROWNED CRANE
1904.jpg,ARARIPE MANAKIN
1905.jpg,PARUS MAJOR
1906.jpg,TURQUOISE MOTMOT
1907.jpg,GRAY CATBIRD
1908.jpg,SCARLET IBIS
1909.jpg,PINK ROBIN
191.jpg,COLLARED ARACARI
1910.jpg,STEAMER DUCK
1911.jpg,MARABOU STORK
1912.jpg,RUDY KINGFISHER
1913.jpg,CRESTED CARACARA
1914.jpg,BROWN THRASHER
1915.jpg,ALBATROSS
1916.jpg,WILSONS BIRD OF PARADISE
1917.jpg,ANTBIRD
1918.jpg,MALACHITE KINGFISHER
1919.jpg,EVENING GROSBEAK
192.jpg,GUINEAFOWL
1920.jpg,GILDED FLICKER
1921.jpg,STORK BILLED KINGFISHER
1922.jpg,HORNED GUAN
1923.jpg,GREAT POTOO
1924.jpg,NORTHERN CARDINAL
1925.jpg,AFRICAN CROWNED CRANE
1926.jpg,BLACK SWAN
1927.jpg,BULWERS PHEASANT
1928.jpg,AMERICAN BITTERN
1929.jpg,CANARY
193.jpg,CAPUCHINBIRD
1930.jpg,TAKAHE
1931.jpg,UMBRELLA BIRD
1932.jpg,COLLARED ARACARI
1933.jpg,EASTERN MEADOWLARK
1934.jpg,EURASIAN MAGPIE
1935.jpg,COLLARED ARACARI
1936.jpg,HOUSE FINCH
1937.jpg,CURL CRESTED ARACURI
1938.jpg,COMMON STARLING
1939.jpg,VULTURINE GUINEAFOWL
194.jpg,RAZORBILL
1940.jpg,JAVA SPARROW
1941.jpg,HARPY EAGLE
1942.jpg,CAPPED HERON
1943.jpg,HOOPOES
1944.jpg,ROSY FACED LOVEBIRD
1945.jpg,RED HEADED WOODPECKER
1946.jpg,PURPLE SWAMPHEN
1947.jpg,HOUSE SPARROW
1948.jpg,SANDHILL CRANE
1949.jpg,ROCK DOVE
195.jpg,TOWNSENDS WARBLER
1950.jpg,YELLOW BELLIED FLOWERPECKER
1951.jpg,CRESTED AUKLET
1952.jpg,HOATZIN
1953.jpg,KILLDEAR
1954.jpg,HOUSE FINCH
1955.jpg,TASMANIAN HEN
1956.jpg,RUDY KINGFISHER
1957.jpg,VENEZUELIAN TROUPIAL
1958.jpg,MYNA
1959.jpg,RAZORBILL
196.jpg,EURASIAN GOLDEN ORIOLE
1960.jpg,RED BELLIED PITTA
1961.jpg,CUBAN TODY
1962.jpg,CHUKAR PARTRIDGE
1963.jpg,ASIAN CRESTED IBIS
1964.jpg,AMERICAN BITTERN
1965.jpg,RED WISKERED BULBUL
1966.jpg,AMERICAN BITTERN
1967.jpg,COCK OF THE  ROCK
1968.jpg,AFRICAN CROWNED CRANE
1969.jpg,GANG GANG COCKATOO
197.jpg,RED HONEY CREEPER
1970.jpg,CERULEAN WARBLER
1971.jpg,RED BELLIED PITTA
1972.jpg,BARRED PUFFBIRD
1973.jpg,SCARLET IBIS
1974.jpg,AMERICAN BITTERN
1975.jpg,GLOSSY IBIS
1976.jpg,RED HEADED DUCK
1977.jpg,HORNED GUAN
1978.jpg,RED TAILED HAWK
1979.jpg,BLACK TAIL CRAKE
198.jpg,SNOWY EGRET
1980.jpg,SCARLET TANAGER
1981.jpg,UMBRELLA BIRD
1982.jpg,RUBY THROATED HUMMINGBIRD
1983.jpg,GOLD WING WARBLER
1984.jpg,ROBIN
1985.jpg,WHITE THROATED BEE EATER
1986.jpg,CAPPED HERON
1987.jpg,DOUBLE BRESTED CORMARANT
1988.jpg,BALD EAGLE
1989.jpg,BALD IBIS
199.jpg,EASTERN MEADOWLARK
1990.jpg,ELLIOTS  PHEASANT
1991.jpg,RAINBOW LORIKEET
1992.jpg,GRAY CATBIRD
1993.jpg,AMERICAN AVOCET
1994.jpg,NORTHERN BALD IBIS
1995.jpg,ALBATROSS
1996.jpg,WHITE CHEEKED TURACO
1997.jpg,MALABAR HORNBILL
1998.jpg,BANDED PITA
1999.jpg,CRESTED NUTHATCH
2.jpg,CALIFORNIA QUAIL
20.jpg,HORNED GUAN
200.jpg,VIOLET GREEN SWALLOW
2000.jpg,PURPLE SWAMPHEN
2001.jpg,BROWN THRASHER
2002.jpg,WHITE THROATED BEE EATER
2003.jpg,BELTED KINGFISHER
2004.jpg,BALTIMORE ORIOLE
2005.jpg,PURPLE MARTIN
2006.jpg,ROYAL FLYCATCHER
2007.jpg,GOLDEN CHEEKED WARBLER
2008.jpg,WATTLED CURASSOW
2009.jpg,LARK BUNTING
201.jpg,CAPPED HERON
2010.jpg,TOUCHAN
2011.jpg,BLUE GROUSE
2012.jpg,TEAL DUCK
2013.jpg,TOUCHAN
2014.jpg,NORTHERN RED BISHOP
2015.jpg,BLUE GROUSE
2016.jpg,TIT MOUSE
2017.jpg,BLACK TAIL CRAKE
2018.jpg,SORA
2019.jpg,RED WINGED BLACKBIRD
202.jpg,EMU
2020.jpg,CASSOWARY
2021.jpg,EMU
2022.jpg,HORNBILL
2023.jpg,HAWAIIAN GOOSE
2024.jpg,CUBAN TODY
2025.jpg,RUFUOS MOTMOT
2026.jpg,RUFUOS MOTMOT
2027.jpg,SHORT BILLED DOWITCHER
2028.jpg,SMITHS LONGSPUR
2029.jpg,BELTED KINGFISHER
203.jpg,ROUGH LEG BUZZARD
2030.jpg,NORTHERN CARDINAL
2031.jpg,INDIAN PITTA
2032.jpg,MAGPIE GOOSE
2033.jpg,BROWN CREPPER
2034.jpg,CALIFORNIA CONDOR
2035.jpg,PAINTED BUNTIG
2036.jpg,PEREGRINE FALCON
2037.jpg,CAPUCHINBIRD
2038.jpg,UMBRELLA BIRD
2039.jpg,TAIWAN MAGPIE
204.jpg,GYRFALCON
2040.jpg,FLAMINGO
2041.jpg,FLAME TANAGER
2042.jpg,GOLD WING WARBLER
2043.jpg,ANHINGA
2044.jpg,HOUSE SPARROW
2045.jpg,OSPREY
2046.jpg,PARADISE TANAGER
2047.jpg,CROW
2048.jpg,D-ARNAUDS BARBET
2049.jpg,OCELLATED TURKEY
205.jpg,BORNEAN BRISTLEHEAD
2050.jpg,AMERICAN PIPIT
2051.jpg,PEACOCK
2052.jpg,MARABOU STORK
2053.jpg,SPOONBILL
2054.jpg,BORNEAN PHEASANT
2055.jpg,STEAMER DUCK
2056.jpg,EURASIAN MAGPIE
2057.jpg,RED BEARDED BEE EATER
2058.jpg,ASIAN CRESTED IBIS
2059.jpg,YELLOW HEADED BLACKBIRD
206.jpg,NORTHERN GANNET
2060.jpg,ROCK DOVE
2061.jpg,BLACK THROATED BUSHTIT
2062.jpg,NORTHERN MOCKINGBIRD
2063.jpg,RING-NECKED PHEASANT
2064.jpg,CACTUS WREN
2065.jpg,VIOLET GREEN SWALLOW
2066.jpg,CHIPPING SPARROW
2067.jpg,MASKED BOOBY
2068.jpg,CARMINE BEE-EATER
2069.jpg,MASKED LAPWING
207.jpg,EASTERN TOWEE
2070.jpg,MOURNING DOVE
2071.jpg,COCK OF THE  ROCK
2072.jpg,WATTLED CURASSOW
2073.jpg,ROCK DOVE
2074.jpg,WHIMBREL
2075.jpg,BALI STARLING
2076.jpg,RING-NECKED PHEASANT
2077.jpg,RUFUOS MOTMOT
2078.jpg,CAPE MAY WARBLER
2079.jpg,TURKEY VULTURE
208.jpg,ROCK DOVE
2080.jpg,COMMON LOON
2081.jpg,GOLDEN EAGLE
2082.jpg,GUINEAFOWL
2083.jpg,NORTHERN SHOVELER
2084.jpg,BALD EAGLE
2085.jpg,TRUMPTER SWAN
2086.jpg,RED WISKERED BULBUL
2087.jpg,KAKAPO
2088.jpg,GO AWAY BIRD
2089.jpg,CAPUCHINBIRD
209.jpg,COCK OF THE  ROCK
2090.jpg,RED BELLIED PITTA
2091.jpg,BLACK THROATED WARBLER
2092.jpg,STRIPPED MANAKIN
2093.jpg,TURQUOISE MOTMOT
2094.jpg,PHILIPPINE EAGLE
2095.jpg,EURASIAN MAGPIE
2096.jpg,HOODED MERGANSER
2097.jpg,WOOD DUCK
2098.jpg,BEARDED BARBET
2099.jpg,FLAME TANAGER
21.jpg,SRI LANKA BLUE MAGPIE
210.jpg,COMMON FIRECREST
2100.jpg,CHIPPING SPARROW
2101.jpg,BALI STARLING
2102.jpg,STEAMER DUCK
2103.jpg,RED BROWED FINCH
2104.jpg,CAPPED HERON
2105.jpg,ALBATROSS
2106.jpg,LONG-EARED OWL
2107.jpg,FIRE TAILLED MYZORNIS
2108.jpg,GREY PLOVER
2109.jpg,NORTHERN JACANA
211.jpg,GREY PLOVER
2110.jpg,TREE SWALLOW
2111.jpg,GOLDEN CHLOROPHONIA
2112.jpg,HOATZIN
2113.jpg,VERMILION FLYCATHER
2114.jpg,ASIAN CRESTED IBIS
2115.jpg,HORNBILL
2116.jpg,ROADRUNNER
2117.jpg,KIWI
2118.jpg,JABIRU
2119.jpg,RED TAILED THRUSH
212.jpg,CHARA DE COLLAR
2120.jpg,BLACK-CAPPED CHICKADEE
2121.jpg,MALACHITE KINGFISHER
2122.jpg,STORK BILLED KINGFISHER
2123.jpg,YELLOW CACIQUE
2124.jpg,MYNA
2125.jpg,COUCHS KINGBIRD
2126.jpg,EASTERN MEADOWLARK
2127.jpg,BARRED PUFFBIRD
2128.jpg,INDIAN PITTA
2129.jpg,SORA
213.jpg,WHITE CHEEKED TURACO
2130.jpg,D-ARNAUDS BARBET
2131.jpg,CHARA DE COLLAR
2132.jpg,VICTORIA CROWNED PIGEON
2133.jpg,RAINBOW LORIKEET
2134.jpg,SANDHILL CRANE
2135.jpg,SORA
2136.jpg,COMMON LOON
2137.jpg,RED NAPED TROGON
2138.jpg,CHUKAR PARTRIDGE
2139.jpg,HORNED LARK
214.jpg,PARUS MAJOR
2140.jpg,BLACK-THROATED SPARROW
2141.jpg,GYRFALCON
2142.jpg,BEARDED REEDLING
2143.jpg,MANDRIN DUCK
2144.jpg,COUCHS KINGBIRD
2145.jpg,PURPLE FINCH
2146.jpg,BORNEAN BRISTLEHEAD
2147.jpg,RED NAPED TROGON
2148.jpg,HOUSE SPARROW
2149.jpg,COMMON GRACKLE
215.jpg,VERMILION FLYCATHER
2150.jpg,CASPIAN TERN
2151.jpg,BARN SWALLOW
2152.jpg,AMERICAN GOLDFINCH
2153.jpg,AMERICAN KESTREL
2154.jpg,CALIFORNIA QUAIL
2155.jpg,PYGMY KINGFISHER
2156.jpg,TREE SWALLOW
2157.jpg,HORNBILL
2158.jpg,COCK OF THE  ROCK
2159.jpg,BEARDED BELLBIRD
216.jpg,QUETZAL
2160.jpg,COUCHS KINGBIRD
2161.jpg,SRI LANKA BLUE MAGPIE
2162.jpg,MALLARD DUCK
2163.jpg,WHIMBREL
2164.jpg,TAKAHE
2165.jpg,RED TAILED HAWK
2166.jpg,ARARIPE MANAKIN
2167.jpg,CRESTED NUTHATCH
2168.jpg,SHOEBILL
2169.jpg,SAND MARTIN
217.jpg,GREATOR SAGE GROUSE
2170.jpg,ANHINGA
2171.jpg,VULTURINE GUINEAFOWL
2172.jpg,SAMATRAN THRUSH
2173.jpg,RED HEADED WOODPECKER
2174.jpg,PARUS MAJOR
2175.jpg,CUBAN TROGON
2176.jpg,HORNED GUAN
2177.jpg,DARK EYED JUNCO
2178.jpg,GOLDEN PHEASANT
2179.jpg,BLACK VULTURE
218.jpg,VERMILION FLYCATHER
2180.jpg,GOLDEN PIPIT
2181.jpg,WHITE TAILED TROPIC
2182.jpg,COMMON FIRECREST
2183.jpg,CAPPED HERON
2184.jpg,KOOKABURRA
2185.jpg,ANNAS HUMMINGBIRD
2186.jpg,BLACK SWAN
2187.jpg,BORNEAN LEAFBIRD
2188.jpg,CEDAR WAXWING
2189.jpg,SHOEBILL
219.jpg,GILA WOODPECKER
2190.jpg,LILAC ROLLER
2191.jpg,D-ARNAUDS BARBET
2192.jpg,HIMALAYAN MONAL
2193.jpg,CUBAN TROGON
2194.jpg,PARAKETT  AKULET
2195.jpg,PYGMY KINGFISHER
2196.jpg,COLLARED ARACARI
2197.jpg,D-ARNAUDS BARBET
2198.jpg,TIT MOUSE
2199.jpg,EMU
22.jpg,BLUE GROUSE
220.jpg,BLACK THROATED BUSHTIT
2200.jpg,UMBRELLA BIRD
2201.jpg,AMERICAN BITTERN
2202.jpg,VULTURINE GUINEAFOWL
2203.jpg,COMMON FIRECREST
2204.jpg,ALEXANDRINE PARAKEET
2205.jpg,BLUE HERON
2206.jpg,HARPY EAGLE
2207.jpg,SWINHOES PHEASANT
2208.jpg,ANNAS HUMMINGBIRD
2209.jpg,MARABOU STORK
221.jpg,AMERICAN KESTREL
2210.jpg,MARABOU STORK
2211.jpg,OSTRICH
2212.jpg,VICTORIA CROWNED PIGEON
2213.jpg,KING VULTURE
2214.jpg,BARN OWL
2215.jpg,CUBAN TODY
2216.jpg,BLUE HERON
2217.jpg,RING-NECKED PHEASANT
2218.jpg,HORNBILL
2219.jpg,GOLD WING WARBLER
222.jpg,SPOON BILED SANDPIPER
2220.jpg,WATTLED CURASSOW
2221.jpg,FIRE TAILLED MYZORNIS
2222.jpg,ANTBIRD
2223.jpg,ENGGANO MYNA
2224.jpg,WHITE THROATED BEE EATER
2225.jpg,MAGPIE GOOSE
2226.jpg,OYSTER CATCHER
2227.jpg,MALLARD DUCK
2228.jpg,SCARLET MACAW
2229.jpg,PURPLE GALLINULE
223.jpg,AMERICAN REDSTART
2230.jpg,BROWN THRASHER
2231.jpg,RAINBOW LORIKEET
2232.jpg,GREY PLOVER
2233.jpg,RED HEADED WOODPECKER
2234.jpg,WHITE CHEEKED TURACO
2235.jpg,HORNED SUNGEM
2236.jpg,BARRED PUFFBIRD
2237.jpg,OCELLATED TURKEY
2238.jpg,OYSTER CATCHER
2239.jpg,GOLDEN EAGLE
224.jpg,AMERICAN GOLDFINCH
2240.jpg,VENEZUELIAN TROUPIAL
2241.jpg,GREATOR SAGE GROUSE
2242.jpg,TREE SWALLOW
2243.jpg,CAPUCHINBIRD
2244.jpg,RED BEARDED BEE EATER
2245.jpg,MAGPIE GOOSE
2246.jpg,HAWAIIAN GOOSE
2247.jpg,WATTLED CURASSOW
2248.jpg,GOLDEN EAGLE
2249.jpg,OSPREY
225.jpg,EURASIAN MAGPIE
2250.jpg,HOUSE FINCH
2251.jpg,BROWN THRASHER
2252.jpg,BLUE HERON
2253.jpg,STRIPPED SWALLOW
2254.jpg,AFRICAN CROWNED CRANE
2255.jpg,SCARLET MACAW
2256.jpg,COLLARED ARACARI
2257.jpg,CHIPPING SPARROW
2258.jpg,FRIGATE
2259.jpg,SHOEBILL
226.jpg,KING VULTURE
2260.jpg,KILLDEAR
2261.jpg,BORNEAN PHEASANT
2262.jpg,NORTHERN FLICKER
2263.jpg,ROUGH LEG BUZZARD
2264.jpg,HOATZIN
2265.jpg,ROADRUNNER
2266.jpg,AMERICAN REDSTART
2267.jpg,SANDHILL CRANE
2268.jpg,BROWN THRASHER
2269.jpg,NORTHERN CARDINAL
227.jpg,EMU
2270.jpg,KAGU
2271.jpg,NORTHERN JACANA
2272.jpg,ELEGANT TROGON
2273.jpg,HORNBILL
2274.jpg,HOATZIN
2275.jpg,KIWI
2276.jpg,KOOKABURRA
2277.jpg,GOLDEN CHLOROPHONIA
2278.jpg,ALEXANDRINE PARAKEET
2279.jpg,CLARKS NUTCRACKER
228.jpg,RED HEADED WOODPECKER
2280.jpg,FAIRY BLUEBIRD
2281.jpg,ROUGH LEG BUZZARD
2282.jpg,MALAGASY WHITE EYE
2283.jpg,CHARA DE COLLAR
2284.jpg,WALL CREAPER
2285.jpg,ANNAS HUMMINGBIRD
2286.jpg,BULWERS PHEASANT
2287.jpg,RING-NECKED PHEASANT
2288.jpg,ENGGANO MYNA
2289.jpg,KIWI
229.jpg,RED BEARDED BEE EATER
2290.jpg,GOLDEN EAGLE
2291.jpg,WATTLED CURASSOW
2292.jpg,VICTORIA CROWNED PIGEON
2293.jpg,TOUCHAN
2294.jpg,NORTHERN RED BISHOP
2295.jpg,SPANGLED COTINGA
2296.jpg,PARAKETT  AKULET
2297.jpg,NORTHERN PARULA
2298.jpg,RUFUOS MOTMOT
2299.jpg,HORNED SUNGEM
23.jpg,LILAC ROLLER
230.jpg,HORNED GUAN
2300.jpg,BLONDE CRESTED WOODPECKER
2301.jpg,WILSONS BIRD OF PARADISE
2302.jpg,PURPLE FINCH
2303.jpg,TASMANIAN HEN
2304.jpg,BLONDE CRESTED WOODPECKER
2305.jpg,WATTLED CURASSOW
2306.jpg,COMMON STARLING
2307.jpg,BARN SWALLOW
2308.jpg,BALD IBIS
2309.jpg,NORTHERN CARDINAL
231.jpg,OVENBIRD
2310.jpg,MARABOU STORK
2311.jpg,GREAT POTOO
2312.jpg,LONG-EARED OWL
2313.jpg,MAGPIE GOOSE
2314.jpg,BAR-TAILED GODWIT
2315.jpg,OSPREY
2316.jpg,GUINEAFOWL
2317.jpg,CURL CRESTED ARACURI
2318.jpg,JABIRU
2319.jpg,HORNBILL
232.jpg,GAMBELS QUAIL
2320.jpg,BANDED PITA
2321.jpg,MARABOU STORK
2322.jpg,VICTORIA CROWNED PIGEON
2323.jpg,ELEGANT TROGON
2324.jpg,PEACOCK
2325.jpg,BOBOLINK
2326.jpg,BLACK THROATED BUSHTIT
2327.jpg,NORTHERN SHOVELER
2328.jpg,RUFOUS KINGFISHER
2329.jpg,NORTHERN FLICKER
233.jpg,BLACK THROATED WARBLER
2330.jpg,YELLOW HEADED BLACKBIRD
2331.jpg,BLUE HERON
2332.jpg,GOLDEN PHEASANT
2333.jpg,KIWI
2334.jpg,RED HONEY CREEPER
2335.jpg,INDIGO BUNTING
2336.jpg,BLACK & YELLOW bROADBILL
2337.jpg,PURPLE SWAMPHEN
2338.jpg,DOUBLE BARRED FINCH
2339.jpg,STRIPPED MANAKIN
234.jpg,GUINEA TURACO
2340.jpg,GAMBELS QUAIL
2341.jpg,AMERICAN PIPIT
2342.jpg,ORANGE BRESTED BUNTING
2343.jpg,TEAL DUCK
2344.jpg,HOATZIN
2345.jpg,MALACHITE KINGFISHER
2346.jpg,RED BROWED FINCH
2347.jpg,BALI STARLING
2348.jpg,PEREGRINE FALCON
2349.jpg,RED WINGED BLACKBIRD
235.jpg,EMPEROR PENGUIN
2350.jpg,BORNEAN BRISTLEHEAD
2351.jpg,WHIMBREL
2352.jpg,GO AWAY BIRD
2353.jpg,VIOLET GREEN SWALLOW
2354.jpg,HAWAIIAN GOOSE
2355.jpg,BLONDE CRESTED WOODPECKER
2356.jpg,SNOWY EGRET
2357.jpg,HOODED MERGANSER
2358.jpg,COMMON POORWILL
2359.jpg,BLONDE CRESTED WOODPECKER
236.jpg,WHITE TAILED TROPIC
2360.jpg,CINNAMON TEAL
2361.jpg,CHARA DE COLLAR
2362.jpg,STRAWBERRY FINCH
2363.jpg,GREEN MAGPIE
2364.jpg,FRIGATE
2365.jpg,ELLIOTS  PHEASANT
2366.jpg,ROSY FACED LOVEBIRD
2367.jpg,HOUSE SPARROW
2368.jpg,ANHINGA
2369.jpg,MARABOU STORK
237.jpg,LILAC ROLLER
2370.jpg,SNOWY OWL
2371.jpg,GOLDEN CHEEKED WARBLER
2372.jpg,BARN OWL
2373.jpg,ALBATROSS
2374.jpg,GOLDEN CHEEKED WARBLER
2375.jpg,IMPERIAL SHAQ
2376.jpg,CAPE MAY WARBLER
2377.jpg,AMERICAN BITTERN
2378.jpg,VIOLET GREEN SWALLOW
2379.jpg,BLACK THROATED WARBLER
238.jpg,JABIRU
2380.jpg,ROUGH LEG BUZZARD
2381.jpg,TAIWAN MAGPIE
2382.jpg,ANTBIRD
2383.jpg,BLACK SWAN
2384.jpg,LEARS MACAW
2385.jpg,WILD TURKEY
2386.jpg,PAINTED BUNTIG
2387.jpg,GUINEA TURACO
2388.jpg,PEACOCK
2389.jpg,BEARDED BELLBIRD
239.jpg,TAKAHE
2390.jpg,BLACK FRANCOLIN
2391.jpg,ALEXANDRINE PARAKEET
2392.jpg,LONG-EARED OWL
2393.jpg,SORA
2394.jpg,BROWN THRASHER
2395.jpg,BALD IBIS
2396.jpg,OCELLATED TURKEY
2397.jpg,CALIFORNIA QUAIL
2398.jpg,OVENBIRD
2399.jpg,EURASIAN GOLDEN ORIOLE
24.jpg,ROSY FACED LOVEBIRD
240.jpg,BALD EAGLE
2400.jpg,RING-NECKED PHEASANT
2401.jpg,IMPERIAL SHAQ
2402.jpg,HOATZIN
2403.jpg,BLUE HERON
2404.jpg,BEARDED REEDLING
2405.jpg,TAKAHE
2406.jpg,EMU
2407.jpg,KOOKABURRA
2408.jpg,LONG-EARED OWL
2409.jpg,BLACK TAIL CRAKE
241.jpg,SORA
2410.jpg,TOWNSENDS WARBLER
2411.jpg,EASTERN MEADOWLARK
2412.jpg,WALL CREAPER
2413.jpg,STORK BILLED KINGFISHER
2414.jpg,WHITE TAILED TROPIC
2415.jpg,PEREGRINE FALCON
2416.jpg,BOBOLINK
2417.jpg,TIT MOUSE
2418.jpg,JABIRU
2419.jpg,ROADRUNNER
242.jpg,PINK ROBIN
2420.jpg,SCARLET IBIS
2421.jpg,BLUE GROUSE
2422.jpg,RED BEARDED BEE EATER
2423.jpg,BLACK FRANCOLIN
2424.jpg,BAR-TAILED GODWIT
2425.jpg,GREEN MAGPIE
2426.jpg,HOATZIN
2427.jpg,BELTED KINGFISHER
2428.jpg,GREEN MAGPIE
2429.jpg,NORTHERN FLICKER
243.jpg,SCARLET MACAW
2430.jpg,GREEN JAY
2431.jpg,BAY-BREASTED WARBLER
2432.jpg,BARN SWALLOW
2433.jpg,CUBAN TROGON
2434.jpg,BARN SWALLOW
2435.jpg,AMERICAN COOT
2436.jpg,CAPPED HERON
2437.jpg,NICOBAR PIGEON
2438.jpg,WALL CREAPER
2439.jpg,QUETZAL
244.jpg,SUPERB STARLING
2440.jpg,WILSONS BIRD OF PARADISE
2441.jpg,FIRE TAILLED MYZORNIS
2442.jpg,INDIAN BUSTARD
2443.jpg,ROCK DOVE
2444.jpg,OSTRICH
2445.jpg,FLAME TANAGER
2446.jpg,BULWERS PHEASANT
2447.jpg,VICTORIA CROWNED PIGEON
2448.jpg,BARN OWL
2449.jpg,EVENING GROSBEAK
245.jpg,GOLDEN PHEASANT
2450.jpg,AFRICAN CROWNED CRANE
2451.jpg,CHUKAR PARTRIDGE
2452.jpg,GLOSSY IBIS
2453.jpg,STRIPPED MANAKIN
2454.jpg,COCKATOO
2455.jpg,BLACKBURNIAM WARBLER
2456.jpg,CAPPED HERON
2457.jpg,KAGU
2458.jpg,RING-NECKED PHEASANT
2459.jpg,TREE SWALLOW
246.jpg,STORK BILLED KINGFISHER
2460.jpg,SHORT BILLED DOWITCHER
2461.jpg,PELICAN
2462.jpg,COUCHS KINGBIRD
2463.jpg,NICOBAR PIGEON
2464.jpg,SNOWY OWL
2465.jpg,BLUE HERON
2466.jpg,EMPEROR PENGUIN
2467.jpg,DOUBLE BRESTED CORMARANT
2468.jpg,SHOEBILL
2469.jpg,ROSY FACED LOVEBIRD
247.jpg,OCELLATED TURKEY
2470.jpg,RED TAILED HAWK
2471.jpg,CHARA DE COLLAR
2472.jpg,PUFFIN
2473.jpg,BANDED BROADBILL
2474.jpg,CERULEAN WARBLER
2475.jpg,ELLIOTS  PHEASANT
2476.jpg,EMU
2477.jpg,EASTERN ROSELLA
2478.jpg,EURASIAN GOLDEN ORIOLE
2479.jpg,ANNAS HUMMINGBIRD
248.jpg,RAINBOW LORIKEET
2480.jpg,IMPERIAL SHAQ
2481.jpg,ROYAL FLYCATCHER
2482.jpg,HOUSE FINCH
2483.jpg,GILDED FLICKER
2484.jpg,RED HONEY CREEPER
2485.jpg,AMERICAN AVOCET
2486.jpg,BULWERS PHEASANT
2487.jpg,ROADRUNNER
2488.jpg,ALEXANDRINE PARAKEET
2489.jpg,BLACK TAIL CRAKE
249.jpg,MIKADO  PHEASANT
2490.jpg,NORTHERN GOSHAWK
2491.jpg,MARABOU STORK
2492.jpg,CASSOWARY
2493.jpg,TEAL DUCK
2494.jpg,STRAWBERRY FINCH
2495.jpg,RED TAILED HAWK
2496.jpg,COMMON LOON
2497.jpg,GREATOR SAGE GROUSE
2498.jpg,WATTLED CURASSOW
2499.jpg,RED NAPED TROGON
25.jpg,UMBRELLA BIRD
250.jpg,LEARS MACAW
2500.jpg,RED FACED WARBLER
2501.jpg,SORA
2502.jpg,BROWN CREPPER
2503.jpg,KILLDEAR
2504.jpg,EASTERN BLUEBIRD
2505.jpg,WHITE NECKED RAVEN
2506.jpg,ORANGE BRESTED BUNTING
2507.jpg,GOULDIAN FINCH
2508.jpg,RUFOUS KINGFISHER
2509.jpg,WALL CREAPER
251.jpg,LONG-EARED OWL
2510.jpg,TAKAHE
2511.jpg,NORTHERN MOCKINGBIRD
2512.jpg,GOLDEN PHEASANT
2513.jpg,NOISY FRIARBIRD
2514.jpg,STRAWBERRY FINCH
2515.jpg,COLLARED ARACARI
2516.jpg,CRESTED NUTHATCH
2517.jpg,GANG GANG COCKATOO
2518.jpg,SPOONBILL
2519.jpg,SPANGLED COTINGA
252.jpg,SNOWY EGRET
2520.jpg,JABIRU
2521.jpg,GREY PLOVER
2522.jpg,RAZORBILL
2523.jpg,FIRE TAILLED MYZORNIS
2524.jpg,CHUKAR PARTRIDGE
2525.jpg,HOATZIN
2526.jpg,MAGPIE GOOSE
2527.jpg,MARABOU STORK
2528.jpg,TASMANIAN HEN
2529.jpg,RED BEARDED BEE EATER
253.jpg,CEDAR WAXWING
2530.jpg,ROUGH LEG BUZZARD
2531.jpg,GRAY PARTRIDGE
2532.jpg,MALEO
2533.jpg,GREEN BROADBILL
2534.jpg,MYNA
2535.jpg,PELICAN
2536.jpg,PARADISE TANAGER
2537.jpg,DARK EYED JUNCO
2538.jpg,QUETZAL
2539.jpg,CURL CRESTED ARACURI
254.jpg,WHITE THROATED BEE EATER
2540.jpg,ROADRUNNER
2541.jpg,BULWERS PHEASANT
2542.jpg,ELEGANT TROGON
2543.jpg,QUETZAL
2544.jpg,BARN SWALLOW
2545.jpg,RUBY THROATED HUMMINGBIRD
2546.jpg,MALACHITE KINGFISHER
2547.jpg,RING-NECKED PHEASANT
2548.jpg,RED HEADED WOODPECKER
2549.jpg,MIKADO  PHEASANT
255.jpg,BARN SWALLOW
2550.jpg,RUBY THROATED HUMMINGBIRD
2551.jpg,TAIWAN MAGPIE
2552.jpg,BALD IBIS
2553.jpg,CUBAN TROGON
2554.jpg,MARABOU STORK
2555.jpg,PUFFIN
2556.jpg,BROWN NOODY
2557.jpg,BLACK SKIMMER
2558.jpg,CRESTED AUKLET
2559.jpg,MALLARD DUCK
256.jpg,KIWI
2560.jpg,GREEN BROADBILL
2561.jpg,INCA TERN
2562.jpg,GOLDEN CHEEKED WARBLER
2563.jpg,BELTED KINGFISHER
2564.jpg,GILA WOODPECKER
2565.jpg,TOUCHAN
2566.jpg,RED HONEY CREEPER
2567.jpg,GREEN MAGPIE
2568.jpg,SNOWY OWL
2569.jpg,RED FACED WARBLER
257.jpg,TURQUOISE MOTMOT
2570.jpg,CANARY
2571.jpg,GANG GANG COCKATOO
2572.jpg,WOOD DUCK
2573.jpg,BARN OWL
2574.jpg,HOUSE FINCH
2575.jpg,BLACK THROATED WARBLER
2576.jpg,BROWN CREPPER
2577.jpg,MALAGASY WHITE EYE
2578.jpg,HOUSE FINCH
2579.jpg,NORTHERN RED BISHOP
258.jpg,ENGGANO MYNA
2580.jpg,GAMBELS QUAIL
2581.jpg,AFRICAN FIREFINCH
2582.jpg,AMERICAN GOLDFINCH
2583.jpg,WHIMBREL
2584.jpg,CAPUCHINBIRD
2585.jpg,ROSY FACED LOVEBIRD
2586.jpg,VULTURINE GUINEAFOWL
2587.jpg,HORNBILL
2588.jpg,HOOPOES
2589.jpg,CROWNED PIGEON
259.jpg,AMERICAN PIPIT
2590.jpg,SORA
2591.jpg,GREY PLOVER
2592.jpg,RED FACED WARBLER
2593.jpg,CEDAR WAXWING
2594.jpg,BLONDE CRESTED WOODPECKER
2595.jpg,FRIGATE
2596.jpg,CAPE MAY WARBLER
2597.jpg,GOLDEN PIPIT
2598.jpg,COLLARED ARACARI
2599.jpg,EURASIAN GOLDEN ORIOLE
26.jpg,RED BROWED FINCH
260.jpg,RED NAPED TROGON
2600.jpg,SMITHS LONGSPUR
2601.jpg,EASTERN BLUEBIRD
2602.jpg,HORNBILL
2603.jpg,BANDED BROADBILL
2604.jpg,SUPERB STARLING
2605.jpg,TRUMPTER SWAN
2606.jpg,INDIAN BUSTARD
2607.jpg,RED TAILED THRUSH
2608.jpg,BLACK-CAPPED CHICKADEE
2609.jpg,OSPREY
261.jpg,LONG-EARED OWL
2610.jpg,GLOSSY IBIS
2611.jpg,SCARLET IBIS
2612.jpg,LARK BUNTING
2613.jpg,SHOEBILL
2614.jpg,GREEN BROADBILL
2615.jpg,OKINAWA RAIL
2616.jpg,DOUBLE BRESTED CORMARANT
2617.jpg,NORTHERN SHOVELER
2618.jpg,ANTBIRD
2619.jpg,EURASIAN MAGPIE
262.jpg,MOURNING DOVE
2620.jpg,BORNEAN BRISTLEHEAD
2621.jpg,SHOEBILL
2622.jpg,AMERICAN COOT
2623.jpg,HORNBILL
2624.jpg,COMMON GRACKLE
2625.jpg,CARMINE BEE-EATER
2626.jpg,SANDHILL CRANE
2627.jpg,PURPLE GALLINULE
2628.jpg,STRIPPED MANAKIN
2629.jpg,OYSTER CATCHER
263.jpg,GREEN JAY
2630.jpg,VENEZUELIAN TROUPIAL
2631.jpg,CRESTED CARACARA
2632.jpg,SORA
2633.jpg,BOBOLINK
2634.jpg,ORANGE BRESTED BUNTING
2635.jpg,BROWN CREPPER
2636.jpg,JAVA SPARROW
2637.jpg,CALIFORNIA QUAIL
2638.jpg,CAPUCHINBIRD
2639.jpg,REGENT BOWERBIRD
264.jpg,CHARA DE COLLAR
2640.jpg,AFRICAN CROWNED CRANE
2641.jpg,WHITE CHEEKED TURACO
2642.jpg,OSTRICH
2643.jpg,WHITE TAILED TROPIC
2644.jpg,FIRE TAILLED MYZORNIS
2645.jpg,AMERICAN BITTERN
2646.jpg,CHUKAR PARTRIDGE
2647.jpg,PALILA
2648.jpg,AMERICAN BITTERN
2649.jpg,NORTHERN RED BISHOP
265.jpg,RED HEADED DUCK
2650.jpg,RED FACED CORMORANT
2651.jpg,NORTHERN FLICKER
2652.jpg,BANDED PITA
2653.jpg,CASPIAN TERN
2654.jpg,GOLDEN PIPIT
2655.jpg,EURASIAN GOLDEN ORIOLE
2656.jpg,NORTHERN GANNET
2657.jpg,HORNED LARK
2658.jpg,INDIGO BUNTING
2659.jpg,GUINEAFOWL
266.jpg,HORNED GUAN
2660.jpg,CALIFORNIA QUAIL
2661.jpg,BLACK FRANCOLIN
2662.jpg,BARN OWL
2663.jpg,COUCHS KINGBIRD
2664.jpg,TURKEY VULTURE
2665.jpg,COCKATOO
2666.jpg,LILAC ROLLER
2667.jpg,KILLDEAR
2668.jpg,PHILIPPINE EAGLE
2669.jpg,MIKADO  PHEASANT
267.jpg,RED WISKERED BULBUL
2670.jpg,BLACK-CAPPED CHICKADEE
2671.jpg,HORNED GUAN
2672.jpg,JABIRU
2673.jpg,SWINHOES PHEASANT
2674.jpg,DOUBLE BRESTED CORMARANT
2675.jpg,AMERICAN BITTERN
2676.jpg,RED BEARDED BEE EATER
2677.jpg,MARABOU STORK
2678.jpg,WHITE THROATED BEE EATER
2679.jpg,DOUBLE BARRED FINCH
268.jpg,HORNED LARK
2680.jpg,CARMINE BEE-EATER
2681.jpg,AMERICAN BITTERN
2682.jpg,MALLARD DUCK
2683.jpg,PALILA
2684.jpg,LONG-EARED OWL
2685.jpg,SAMATRAN THRUSH
2686.jpg,NOISY FRIARBIRD
2687.jpg,GREEN BROADBILL
2688.jpg,GYRFALCON
2689.jpg,SPLENDID WREN
269.jpg,NORTHERN PARULA
2690.jpg,SAMATRAN THRUSH
2691.jpg,SHOEBILL
2692.jpg,NOISY FRIARBIRD
2693.jpg,TOUCHAN
2694.jpg,SORA
2695.jpg,RED FACED CORMORANT
2696.jpg,REGENT BOWERBIRD
2697.jpg,RED TAILED HAWK
2698.jpg,TAKAHE
2699.jpg,CAPE MAY WARBLER
27.jpg,CHARA DE COLLAR
270.jpg,PUFFIN
2700.jpg,RED TAILED HAWK
2701.jpg,FRIGATE
2702.jpg,MASKED LAPWING
2703.jpg,PURPLE SWAMPHEN
2704.jpg,FIRE TAILLED MYZORNIS
2705.jpg,SCARLET IBIS
2706.jpg,TURKEY VULTURE
2707.jpg,BALD EAGLE
2708.jpg,CAPUCHINBIRD
2709.jpg,CANARY
271.jpg,YELLOW BELLIED FLOWERPECKER
2710.jpg,MALLARD DUCK
2711.jpg,WOOD DUCK
2712.jpg,SUPERB STARLING
2713.jpg,GANG GANG COCKATOO
2714.jpg,BLACK-CAPPED CHICKADEE
2715.jpg,DARK EYED JUNCO
2716.jpg,EURASIAN GOLDEN ORIOLE
2717.jpg,NORTHERN MOCKINGBIRD
2718.jpg,BEARDED BARBET
2719.jpg,KING VULTURE
272.jpg,COMMON FIRECREST
2720.jpg,RING-NECKED PHEASANT
2721.jpg,RED HEADED DUCK
2722.jpg,AMERICAN KESTREL
2723.jpg,AFRICAN FIREFINCH
2724.jpg,COMMON POORWILL
2725.jpg,STRIPPED MANAKIN
2726.jpg,BOBOLINK
2727.jpg,BLACK THROATED BUSHTIT
2728.jpg,COMMON FIRECREST
2729.jpg,TRUMPTER SWAN
273.jpg,EMPEROR PENGUIN
2730.jpg,VULTURINE GUINEAFOWL
2731.jpg,GUINEAFOWL
2732.jpg,KAGU
2733.jpg,CERULEAN WARBLER
2734.jpg,VULTURINE GUINEAFOWL
2735.jpg,SMITHS LONGSPUR
2736.jpg,BLACK-CAPPED CHICKADEE
2737.jpg,DARK EYED JUNCO
2738.jpg,RED TAILED HAWK
2739.jpg,UMBRELLA BIRD
274.jpg,NOISY FRIARBIRD
2740.jpg,BLUE HERON
2741.jpg,AMERICAN AVOCET
2742.jpg,BLUE HERON
2743.jpg,AMERICAN GOLDFINCH
2744.jpg,QUETZAL
2745.jpg,FAIRY BLUEBIRD
2746.jpg,OKINAWA RAIL
2747.jpg,GANG GANG COCKATOO
2748.jpg,MALLARD DUCK
2749.jpg,PARUS MAJOR
275.jpg,HOOPOES
2750.jpg,VICTORIA CROWNED PIGEON
2751.jpg,HORNED GUAN
2752.jpg,RUFOUS KINGFISHER
2753.jpg,BARN OWL
2754.jpg,BLACK SWAN
2755.jpg,HAWAIIAN GOOSE
2756.jpg,HORNBILL
2757.jpg,SWINHOES PHEASANT
2758.jpg,RED FACED CORMORANT
2759.jpg,RAINBOW LORIKEET
276.jpg,SMITHS LONGSPUR
2760.jpg,NORTHERN FLICKER
2761.jpg,SCARLET TANAGER
2762.jpg,CANARY
2763.jpg,ALBATROSS
2764.jpg,RUFOUS KINGFISHER
2765.jpg,GRAY CATBIRD
2766.jpg,SORA
2767.jpg,BOBOLINK
2768.jpg,BLACK-NECKED GREBE
2769.jpg,FRIGATE
277.jpg,CROW
2770.jpg,OVENBIRD
2771.jpg,TAIWAN MAGPIE
2772.jpg,BLACKBURNIAM WARBLER
2773.jpg,HORNED LARK
2774.jpg,BELTED KINGFISHER
2775.jpg,CASPIAN TERN
2776.jpg,GO AWAY BIRD
2777.jpg,JAVA SPARROW
2778.jpg,ARARIPE MANAKIN
2779.jpg,MALLARD DUCK
278.jpg,HOUSE FINCH
2780.jpg,CANARY
2781.jpg,EASTERN TOWEE
2782.jpg,VERMILION FLYCATHER
2783.jpg,CLARKS NUTCRACKER
2784.jpg,ELLIOTS  PHEASANT
2785.jpg,EMPEROR PENGUIN
2786.jpg,VERMILION FLYCATHER
2787.jpg,RAZORBILL
2788.jpg,DOUBLE BARRED FINCH
2789.jpg,STRAWBERRY FINCH
279.jpg,CINNAMON TEAL
2790.jpg,RED TAILED HAWK
2791.jpg,NORTHERN FLICKER
2792.jpg,GOULDIAN FINCH
2793.jpg,VERMILION FLYCATHER
2794.jpg,DOUBLE BRESTED CORMARANT
2795.jpg,RUDY KINGFISHER
2796.jpg,PARADISE TANAGER
2797.jpg,PHILIPPINE EAGLE
2798.jpg,GOLDEN CHLOROPHONIA
2799.jpg,ANNAS HUMMINGBIRD
28.jpg,BLUE HERON
280.jpg,CASPIAN TERN
2800.jpg,KOOKABURRA
2801.jpg,ENGGANO MYNA
2802.jpg,CHUKAR PARTRIDGE
2803.jpg,SRI LANKA BLUE MAGPIE
2804.jpg,SORA
2805.jpg,GREATOR SAGE GROUSE
2806.jpg,EMU
2807.jpg,MALEO
2808.jpg,PYGMY KINGFISHER
2809.jpg,RED FACED WARBLER
281.jpg,SHORT BILLED DOWITCHER
2810.jpg,STRAWBERRY FINCH
2811.jpg,BAY-BREASTED WARBLER
2812.jpg,LEARS MACAW
2813.jpg,BANANAQUIT
2814.jpg,BANANAQUIT
2815.jpg,ROSY FACED LOVEBIRD
2816.jpg,PARADISE TANAGER
2817.jpg,ROADRUNNER
2818.jpg,EVENING GROSBEAK
2819.jpg,BLONDE CRESTED WOODPECKER
282.jpg,BEARDED BELLBIRD
2820.jpg,ALEXANDRINE PARAKEET
2821.jpg,HARPY EAGLE
2822.jpg,EURASIAN GOLDEN ORIOLE
2823.jpg,RED BROWED FINCH
2824.jpg,MANDRIN DUCK
2825.jpg,BAR-TAILED GODWIT
2826.jpg,VARIED THRUSH
2827.jpg,SANDHILL CRANE
2828.jpg,BEARDED BELLBIRD
2829.jpg,LONG-EARED OWL
283.jpg,GREEN BROADBILL
2830.jpg,GREATOR SAGE GROUSE
2831.jpg,OYSTER CATCHER
2832.jpg,TAKAHE
2833.jpg,PINK ROBIN
2834.jpg,BLACK SWAN
2835.jpg,WHITE CHEEKED TURACO
2836.jpg,SRI LANKA BLUE MAGPIE
2837.jpg,RED BELLIED PITTA
2838.jpg,GREEN BROADBILL
2839.jpg,GLOSSY IBIS
284.jpg,BLACK VULTURE
2840.jpg,JABIRU
2841.jpg,EASTERN ROSELLA
2842.jpg,NORTHERN RED BISHOP
2843.jpg,RED TAILED HAWK
2844.jpg,EURASIAN GOLDEN ORIOLE
2845.jpg,KOOKABURRA
2846.jpg,BAR-TAILED GODWIT
2847.jpg,NORTHERN RED BISHOP
2848.jpg,TAIWAN MAGPIE
2849.jpg,STRIPPED MANAKIN
285.jpg,BLACK THROATED WARBLER
2850.jpg,HIMALAYAN MONAL
2851.jpg,EASTERN ROSELLA
2852.jpg,CROWNED PIGEON
2853.jpg,CAPPED HERON
2854.jpg,COLLARED ARACARI
2855.jpg,BORNEAN LEAFBIRD
2856.jpg,WILSONS BIRD OF PARADISE
2857.jpg,KIWI
2858.jpg,CINNAMON TEAL
2859.jpg,ROYAL FLYCATCHER
286.jpg,BLONDE CRESTED WOODPECKER
2860.jpg,SAND MARTIN
2861.jpg,EMPEROR PENGUIN
2862.jpg,BEARDED BARBET
2863.jpg,SANDHILL CRANE
2864.jpg,YELLOW BELLIED FLOWERPECKER
2865.jpg,BLONDE CRESTED WOODPECKER
2866.jpg,EASTERN MEADOWLARK
2867.jpg,COMMON GRACKLE
2868.jpg,RUFOUS KINGFISHER
2869.jpg,SANDHILL CRANE
287.jpg,BALTIMORE ORIOLE
2870.jpg,BLONDE CRESTED WOODPECKER
2871.jpg,OCELLATED TURKEY
2872.jpg,MALAGASY WHITE EYE
2873.jpg,SMITHS LONGSPUR
2874.jpg,BLUE HERON
2875.jpg,GRAY PARTRIDGE
2876.jpg,QUETZAL
2877.jpg,NOISY FRIARBIRD
2878.jpg,CINNAMON TEAL
2879.jpg,CANARY
288.jpg,GILA WOODPECKER
2880.jpg,PAINTED BUNTIG
2881.jpg,STRIPPED SWALLOW
2882.jpg,SMITHS LONGSPUR
2883.jpg,BANDED PITA
2884.jpg,BLACK & YELLOW bROADBILL
2885.jpg,PURPLE SWAMPHEN
2886.jpg,LILAC ROLLER
2887.jpg,TRUMPTER SWAN
2888.jpg,BEARDED BARBET
2889.jpg,OKINAWA RAIL
289.jpg,CURL CRESTED ARACURI
2890.jpg,GOLDEN EAGLE
2891.jpg,AFRICAN CROWNED CRANE
2892.jpg,NORTHERN GOSHAWK
2893.jpg,HORNED LARK
2894.jpg,WATTLED CURASSOW
2895.jpg,CRESTED CARACARA
2896.jpg,SUPERB STARLING
2897.jpg,INCA TERN
2898.jpg,CURL CRESTED ARACURI
2899.jpg,BLACK TAIL CRAKE
29.jpg,BALD EAGLE
290.jpg,ALEXANDRINE PARAKEET
2900.jpg,BLACKBURNIAM WARBLER
2901.jpg,STEAMER DUCK
2902.jpg,COMMON STARLING
2903.jpg,BLACK & YELLOW bROADBILL
2904.jpg,VULTURINE GUINEAFOWL
2905.jpg,GRAY PARTRIDGE
2906.jpg,CRESTED CARACARA
2907.jpg,MARABOU STORK
2908.jpg,AFRICAN CROWNED CRANE
2909.jpg,PHILIPPINE EAGLE
291.jpg,SNOWY EGRET
2910.jpg,MALLARD DUCK
2911.jpg,SUPERB STARLING
2912.jpg,FIRE TAILLED MYZORNIS
2913.jpg,OSPREY
2914.jpg,SCARLET TANAGER
2915.jpg,HORNED SUNGEM
2916.jpg,BLACK THROATED BUSHTIT
2917.jpg,CHUKAR PARTRIDGE
2918.jpg,GRAY PARTRIDGE
2919.jpg,REGENT BOWERBIRD
292.jpg,MALAGASY WHITE EYE
2920.jpg,HOODED MERGANSER
2921.jpg,INDIGO BUNTING
2922.jpg,ELEGANT TROGON
2923.jpg,BAY-BREASTED WARBLER
2924.jpg,HORNED SUNGEM
2925.jpg,CAPPED HERON
2926.jpg,CAPPED HERON
2927.jpg,SHORT BILLED DOWITCHER
2928.jpg,ELLIOTS  PHEASANT
2929.jpg,HORNED SUNGEM
293.jpg,DOWNY WOODPECKER
2930.jpg,INDIAN PITTA
2931.jpg,ORANGE BRESTED BUNTING
2932.jpg,WILD TURKEY
2933.jpg,RUDY KINGFISHER
2934.jpg,HOOPOES
2935.jpg,CROW
2936.jpg,PUFFIN
2937.jpg,AMERICAN REDSTART
2938.jpg,BALD IBIS
2939.jpg,BALTIMORE ORIOLE
294.jpg,CRESTED CARACARA
2940.jpg,CINNAMON TEAL
2941.jpg,BLACK FRANCOLIN
2942.jpg,PARUS MAJOR
2943.jpg,CALIFORNIA CONDOR
2944.jpg,SMITHS LONGSPUR
2945.jpg,AMERICAN KESTREL
2946.jpg,TURKEY VULTURE
2947.jpg,WILSONS BIRD OF PARADISE
2948.jpg,BORNEAN BRISTLEHEAD
2949.jpg,KIWI
295.jpg,MANDRIN DUCK
2950.jpg,GRAY PARTRIDGE
2951.jpg,GYRFALCON
2952.jpg,PARUS MAJOR
2953.jpg,EASTERN BLUEBIRD
2954.jpg,BANANAQUIT
2955.jpg,SPANGLED COTINGA
2956.jpg,PYGMY KINGFISHER
2957.jpg,GILA WOODPECKER
2958.jpg,INDIGO BUNTING
2959.jpg,CANARY
296.jpg,ROYAL FLYCATCHER
2960.jpg,KAGU
2961.jpg,GOLDEN EAGLE
2962.jpg,AMERICAN PIPIT
2963.jpg,WHITE CHEEKED TURACO
2964.jpg,TURQUOISE MOTMOT
2965.jpg,AFRICAN CROWNED CRANE
2966.jpg,LEARS MACAW
2967.jpg,DOWNY WOODPECKER
2968.jpg,COMMON GRACKLE
2969.jpg,TREE SWALLOW
297.jpg,AMERICAN AVOCET
2970.jpg,PARAKETT  AKULET
2971.jpg,YELLOW CACIQUE
2972.jpg,COMMON GRACKLE
2973.jpg,STRAWBERRY FINCH
2974.jpg,VENEZUELIAN TROUPIAL
2975.jpg,PINK ROBIN
2976.jpg,BALD IBIS
2977.jpg,GREEN JAY
2978.jpg,RED BELLIED PITTA
2979.jpg,RING-NECKED PHEASANT
298.jpg,TIT MOUSE
2980.jpg,SPLENDID WREN
2981.jpg,GREY PLOVER
2982.jpg,IMPERIAL SHAQ
2983.jpg,EURASIAN MAGPIE
2984.jpg,WALL CREAPER
2985.jpg,ARARIPE MANAKIN
2986.jpg,INDIGO BUNTING
2987.jpg,ROBIN
2988.jpg,BOBOLINK
2989.jpg,AMERICAN BITTERN
299.jpg,SANDHILL CRANE
2990.jpg,YELLOW BELLIED FLOWERPECKER
2991.jpg,WHITE THROATED BEE EATER
2992.jpg,HORNED GUAN
2993.jpg,REGENT BOWERBIRD
2994.jpg,BORNEAN PHEASANT
2995.jpg,RED WISKERED BULBUL
2996.jpg,FLAMINGO
2997.jpg,BLACK SKIMMER
2998.jpg,PURPLE MARTIN
2999.jpg,KILLDEAR
3.jpg,TAKAHE
30.jpg,SCARLET TANAGER
300.jpg,GOLDEN PHEASANT
3000.jpg,BORNEAN PHEASANT
3001.jpg,INDIAN BUSTARD
3002.jpg,EMU
3003.jpg,NORTHERN GOSHAWK
3004.jpg,MARABOU STORK
3005.jpg,OCELLATED TURKEY
3006.jpg,NORTHERN FLICKER
3007.jpg,SPOON BILED SANDPIPER
3008.jpg,BLACK-NECKED GREBE
3009.jpg,D-ARNAUDS BARBET
301.jpg,SHOEBILL
3010.jpg,BALD EAGLE
3011.jpg,SAMATRAN THRUSH
3012.jpg,NORTHERN JACANA
3013.jpg,GOLDEN CHEEKED WARBLER
3014.jpg,GOLDEN PHEASANT
3015.jpg,GREEN JAY
3016.jpg,TAIWAN MAGPIE
3017.jpg,BANANAQUIT
3018.jpg,AMERICAN GOLDFINCH
3019.jpg,EASTERN ROSELLA
302.jpg,BANDED PITA
3020.jpg,MANDRIN DUCK
3021.jpg,ROBIN
3022.jpg,RING-NECKED PHEASANT
3023.jpg,EASTERN MEADOWLARK
3024.jpg,COMMON HOUSE MARTIN
3025.jpg,RED TAILED HAWK
3026.jpg,OCELLATED TURKEY
3027.jpg,MALEO
3028.jpg,INCA TERN
3029.jpg,PYGMY KINGFISHER
303.jpg,UMBRELLA BIRD
3030.jpg,GRAY PARTRIDGE
3031.jpg,BLUE GROUSE
3032.jpg,RUFUOS MOTMOT
3033.jpg,PURPLE GALLINULE
3034.jpg,BLACK-THROATED SPARROW
3035.jpg,NORTHERN FLICKER
3036.jpg,BAR-TAILED GODWIT
3037.jpg,YELLOW CACIQUE
3038.jpg,AMERICAN AVOCET
3039.jpg,RAZORBILL
304.jpg,BLONDE CRESTED WOODPECKER
3040.jpg,GOLDEN EAGLE
3041.jpg,KAKAPO
3042.jpg,SMITHS LONGSPUR
3043.jpg,OYSTER CATCHER
3044.jpg,ARARIPE MANAKIN
3045.jpg,AFRICAN CROWNED CRANE
3046.jpg,RED WINGED BLACKBIRD
3047.jpg,CROWNED PIGEON
3048.jpg,VARIED THRUSH
3049.jpg,BLUE GROUSE
305.jpg,RED HONEY CREEPER
3050.jpg,AMERICAN KESTREL
3051.jpg,JABIRU
3052.jpg,PARAKETT  AKULET
3053.jpg,BARN SWALLOW
3054.jpg,GUINEA TURACO
3055.jpg,DARK EYED JUNCO
3056.jpg,GOLDEN PHEASANT
3057.jpg,HORNBILL
3058.jpg,BROWN THRASHER
3059.jpg,ALBATROSS
306.jpg,BLONDE CRESTED WOODPECKER
3060.jpg,KAKAPO
3061.jpg,SNOWY EGRET
3062.jpg,MALAGASY WHITE EYE
3063.jpg,DOWNY WOODPECKER
3064.jpg,HORNBILL
3065.jpg,BEARDED BELLBIRD
3066.jpg,BROWN NOODY
3067.jpg,YELLOW CACIQUE
3068.jpg,RED NAPED TROGON
3069.jpg,MOURNING DOVE
307.jpg,RED NAPED TROGON
3070.jpg,CERULEAN WARBLER
3071.jpg,ANTBIRD
3072.jpg,WILD TURKEY
3073.jpg,CACTUS WREN
3074.jpg,BROWN CREPPER
3075.jpg,AMERICAN REDSTART
3076.jpg,JABIRU
3077.jpg,PYGMY KINGFISHER
3078.jpg,RED TAILED THRUSH
3079.jpg,SNOWY OWL
308.jpg,QUETZAL
3080.jpg,CURL CRESTED ARACURI
3081.jpg,VULTURINE GUINEAFOWL
3082.jpg,SAND MARTIN
3083.jpg,WHIMBREL
3084.jpg,LEARS MACAW
3085.jpg,WHITE TAILED TROPIC
3086.jpg,SUPERB STARLING
3087.jpg,AMERICAN BITTERN
3088.jpg,GREEN MAGPIE
3089.jpg,BLACK & YELLOW bROADBILL
309.jpg,AMERICAN KESTREL
3090.jpg,ROADRUNNER
3091.jpg,TURQUOISE MOTMOT
3092.jpg,BLACK SKIMMER
3093.jpg,GAMBELS QUAIL
3094.jpg,BULWERS PHEASANT
3095.jpg,AMERICAN KESTREL
3096.jpg,GAMBELS QUAIL
3097.jpg,KILLDEAR
3098.jpg,BALD IBIS
3099.jpg,AMERICAN KESTREL
31.jpg,FAIRY BLUEBIRD
310.jpg,GOLD WING WARBLER
3100.jpg,CARMINE BEE-EATER
3101.jpg,YELLOW HEADED BLACKBIRD
3102.jpg,GOLD WING WARBLER
3103.jpg,EASTERN MEADOWLARK
3104.jpg,NORTHERN PARULA
3105.jpg,AMERICAN BITTERN
3106.jpg,EASTERN ROSELLA
3107.jpg,VARIED THRUSH
3108.jpg,COMMON FIRECREST
3109.jpg,BORNEAN PHEASANT
311.jpg,RED WISKERED BULBUL
3110.jpg,VICTORIA CROWNED PIGEON
3111.jpg,MASKED LAPWING
3112.jpg,BORNEAN BRISTLEHEAD
3113.jpg,RED WISKERED BULBUL
3114.jpg,RED HEADED DUCK
3115.jpg,YELLOW BELLIED FLOWERPECKER
3116.jpg,RING-NECKED PHEASANT
3117.jpg,GRAY CATBIRD
3118.jpg,CANARY
3119.jpg,WHIMBREL
312.jpg,WHIMBREL
3120.jpg,NORTHERN JACANA
3121.jpg,PARADISE TANAGER
3122.jpg,NORTHERN JACANA
3123.jpg,GOLDEN EAGLE
3124.jpg,CROWNED PIGEON
3125.jpg,SCARLET TANAGER
3126.jpg,BLUE HERON
3127.jpg,QUETZAL
3128.jpg,BLACK-NECKED GREBE
3129.jpg,INDIAN PITTA
313.jpg,MARABOU STORK
3130.jpg,TAKAHE
3131.jpg,NORTHERN BALD IBIS
3132.jpg,FLAME TANAGER
3133.jpg,COLLARED ARACARI
3134.jpg,BORNEAN BRISTLEHEAD
3135.jpg,SANDHILL CRANE
3136.jpg,ANNAS HUMMINGBIRD
3137.jpg,HORNBILL
3138.jpg,SCARLET TANAGER
3139.jpg,TEAL DUCK
314.jpg,CHUKAR PARTRIDGE
3140.jpg,SNOWY EGRET
3141.jpg,GOLDEN PHEASANT
3142.jpg,CARMINE BEE-EATER
3143.jpg,RED HEADED WOODPECKER
3144.jpg,SNOWY EGRET
3145.jpg,COUCHS KINGBIRD
3146.jpg,GOLDEN EAGLE
3147.jpg,NORTHERN GOSHAWK
3148.jpg,ELEGANT TROGON
3149.jpg,D-ARNAUDS BARBET
315.jpg,SCARLET IBIS
3150.jpg,STEAMER DUCK
3151.jpg,RED WINGED BLACKBIRD
3152.jpg,FLAME TANAGER
3153.jpg,SHORT BILLED DOWITCHER
3154.jpg,CARMINE BEE-EATER
3155.jpg,BROWN THRASHER
3156.jpg,BORNEAN BRISTLEHEAD
3157.jpg,BORNEAN BRISTLEHEAD
3158.jpg,CALIFORNIA QUAIL
3159.jpg,TRUMPTER SWAN
316.jpg,GREY PLOVER
3160.jpg,RING-NECKED PHEASANT
3161.jpg,AMERICAN KESTREL
3162.jpg,TAKAHE
3163.jpg,COMMON STARLING
3164.jpg,BROWN CREPPER
3165.jpg,STORK BILLED KINGFISHER
3166.jpg,SCARLET TANAGER
3167.jpg,GILDED FLICKER
3168.jpg,HORNED LARK
3169.jpg,BORNEAN BRISTLEHEAD
317.jpg,BALD IBIS
3170.jpg,FLAMINGO
3171.jpg,AMERICAN REDSTART
3172.jpg,PUFFIN
3173.jpg,WALL CREAPER
3174.jpg,BARN SWALLOW
3175.jpg,YELLOW BELLIED FLOWERPECKER
3176.jpg,GYRFALCON
3177.jpg,SNOWY OWL
3178.jpg,KING VULTURE
3179.jpg,INDIAN PITTA
318.jpg,COLLARED ARACARI
3180.jpg,ROBIN
3181.jpg,AMERICAN KESTREL
3182.jpg,COMMON FIRECREST
3183.jpg,MARABOU STORK
3184.jpg,BALD IBIS
3185.jpg,AMERICAN REDSTART
3186.jpg,CASPIAN TERN
3187.jpg,BORNEAN BRISTLEHEAD
3188.jpg,WILD TURKEY
3189.jpg,CANARY
319.jpg,CERULEAN WARBLER
3190.jpg,COLLARED ARACARI
3191.jpg,BORNEAN BRISTLEHEAD
3192.jpg,COCK OF THE  ROCK
3193.jpg,TRUMPTER SWAN
3194.jpg,OYSTER CATCHER
3195.jpg,GLOSSY IBIS
3196.jpg,SNOWY EGRET
3197.jpg,AFRICAN FIREFINCH
3198.jpg,GOLDEN PHEASANT
3199.jpg,GUINEA TURACO
32.jpg,EURASIAN MAGPIE
320.jpg,MYNA
3200.jpg,NORTHERN JACANA
3201.jpg,GLOSSY IBIS
3202.jpg,TRUMPTER SWAN
3203.jpg,TIT MOUSE
3204.jpg,ALEXANDRINE PARAKEET
3205.jpg,TEAL DUCK
3206.jpg,AFRICAN FIREFINCH
3207.jpg,NORTHERN PARULA
3208.jpg,WILSONS BIRD OF PARADISE
3209.jpg,GOLDEN PHEASANT
321.jpg,GOLD WING WARBLER
3210.jpg,WHITE THROATED BEE EATER
3211.jpg,SCARLET TANAGER
3212.jpg,TRUMPTER SWAN
3213.jpg,SCARLET TANAGER
3214.jpg,HORNED LARK
3215.jpg,BALD IBIS
3216.jpg,JABIRU
3217.jpg,WILSONS BIRD OF PARADISE
3218.jpg,CACTUS WREN
3219.jpg,BEARDED BARBET
322.jpg,GANG GANG COCKATOO
3220.jpg,ALBATROSS
3221.jpg,AMERICAN BITTERN
3222.jpg,BALD IBIS
3223.jpg,SCARLET TANAGER
3224.jpg,SORA
3225.jpg,SCARLET TANAGER
3226.jpg,NORTHERN BALD IBIS
3227.jpg,CAPPED HERON
3228.jpg,NORTHERN GANNET
3229.jpg,SPOON BILED SANDPIPER
323.jpg,CARMINE BEE-EATER
3230.jpg,AFRICAN FIREFINCH
3231.jpg,KING VULTURE
3232.jpg,BORNEAN BRISTLEHEAD
3233.jpg,VERMILION FLYCATHER
3234.jpg,CRIMSON SUNBIRD
3235.jpg,MYNA
3236.jpg,SCARLET TANAGER
3237.jpg,BLUE HERON
3238.jpg,BAR-TAILED GODWIT
3239.jpg,IMPERIAL SHAQ
324.jpg,HOUSE FINCH
3240.jpg,NOISY FRIARBIRD
3241.jpg,OCELLATED TURKEY
3242.jpg,PELICAN
3243.jpg,CUBAN TROGON
325.jpg,ANHINGA
326.jpg,BLACK-THROATED SPARROW
327.jpg,INDIGO BUNTING
328.jpg,BANDED PITA
329.jpg,AFRICAN CROWNED CRANE
33.jpg,KIWI
330.jpg,TREE SWALLOW
331.jpg,LILAC ROLLER
332.jpg,LEARS MACAW
333.jpg,TREE SWALLOW
334.jpg,GREAT POTOO
335.jpg,NORTHERN JACANA
336.jpg,PELICAN
337.jpg,INDIGO BUNTING
338.jpg,NORTHERN FLICKER
339.jpg,GILDED FLICKER
34.jpg,VICTORIA CROWNED PIGEON
340.jpg,INDIGO BUNTING
341.jpg,GAMBELS QUAIL
342.jpg,COMMON STARLING
343.jpg,DARK EYED JUNCO
344.jpg,VIOLET GREEN SWALLOW
345.jpg,SPANGLED COTINGA
346.jpg,IMPERIAL SHAQ
347.jpg,ORANGE BRESTED BUNTING
348.jpg,BEARDED BARBET
349.jpg,YELLOW BELLIED FLOWERPECKER
35.jpg,BAR-TAILED GODWIT
350.jpg,SCARLET IBIS
351.jpg,BEARDED REEDLING
352.jpg,HORNED SUNGEM
353.jpg,GILDED FLICKER
354.jpg,REGENT BOWERBIRD
355.jpg,BORNEAN BRISTLEHEAD
356.jpg,BALD IBIS
357.jpg,RUFUOS MOTMOT
358.jpg,BEARDED BARBET
359.jpg,PEACOCK
36.jpg,GLOSSY IBIS
360.jpg,INDIAN BUSTARD
361.jpg,COMMON HOUSE MARTIN
362.jpg,CACTUS WREN
363.jpg,NORTHERN PARULA
364.jpg,HORNED LARK
365.jpg,BLACK SKIMMER
366.jpg,CAPPED HERON
367.jpg,CACTUS WREN
368.jpg,TREE SWALLOW
369.jpg,HORNBILL
37.jpg,ARARIPE MANAKIN
370.jpg,SPANGLED COTINGA
371.jpg,CLARKS NUTCRACKER
372.jpg,AMERICAN COOT
373.jpg,NORTHERN PARULA
374.jpg,RED HONEY CREEPER
375.jpg,EASTERN BLUEBIRD
376.jpg,BAY-BREASTED WARBLER
377.jpg,OSPREY
378.jpg,YELLOW CACIQUE
379.jpg,COCKATOO
38.jpg,ROSY FACED LOVEBIRD
380.jpg,BANDED PITA
381.jpg,ALEXANDRINE PARAKEET
382.jpg,INDIAN PITTA
383.jpg,ORANGE BRESTED BUNTING
384.jpg,WILD TURKEY
385.jpg,RED BEARDED BEE EATER
386.jpg,BLACK-THROATED SPARROW
387.jpg,ALBATROSS
388.jpg,WALL CREAPER
389.jpg,OSTRICH
39.jpg,SWINHOES PHEASANT
390.jpg,CURL CRESTED ARACURI
391.jpg,PEACOCK
392.jpg,CACTUS WREN
393.jpg,PARUS MAJOR
394.jpg,KAKAPO
395.jpg,ANNAS HUMMINGBIRD
396.jpg,WHITE CHEEKED TURACO
397.jpg,COCKATOO
398.jpg,AMERICAN COOT
399.jpg,BLACK-NECKED GREBE
4.jpg,AMERICAN REDSTART
40.jpg,PELICAN
400.jpg,HORNED SUNGEM
401.jpg,RUBY THROATED HUMMINGBIRD
402.jpg,BALTIMORE ORIOLE
403.jpg,LEARS MACAW
404.jpg,CROWNED PIGEON
405.jpg,MANDRIN DUCK
406.jpg,RED FACED CORMORANT
407.jpg,SORA
408.jpg,TAIWAN MAGPIE
409.jpg,CANARY
41.jpg,WILSONS BIRD OF PARADISE
410.jpg,CHUKAR PARTRIDGE
411.jpg,ENGGANO MYNA
412.jpg,CHIPPING SPARROW
413.jpg,HOATZIN
414.jpg,BAY-BREASTED WARBLER
415.jpg,AMERICAN BITTERN
416.jpg,PARADISE TANAGER
417.jpg,MASKED BOOBY
418.jpg,JABIRU
419.jpg,GREEN MAGPIE
42.jpg,HOUSE SPARROW
420.jpg,YELLOW BELLIED FLOWERPECKER
421.jpg,BALI STARLING
422.jpg,RUFUOS MOTMOT
423.jpg,CAPE MAY WARBLER
424.jpg,LARK BUNTING
425.jpg,EURASIAN MAGPIE
426.jpg,RUFUOS MOTMOT
427.jpg,WOOD DUCK
428.jpg,COMMON GRACKLE
429.jpg,TASMANIAN HEN
43.jpg,KAGU
430.jpg,KOOKABURRA
431.jpg,MALABAR HORNBILL
432.jpg,WHITE CHEEKED TURACO
433.jpg,AFRICAN CROWNED CRANE
434.jpg,CINNAMON TEAL
435.jpg,GOLD WING WARBLER
436.jpg,SPLENDID WREN
437.jpg,COLLARED ARACARI
438.jpg,PHILIPPINE EAGLE
439.jpg,STRAWBERRY FINCH
44.jpg,FIRE TAILLED MYZORNIS
440.jpg,FIRE TAILLED MYZORNIS
441.jpg,SANDHILL CRANE
442.jpg,D-ARNAUDS BARBET
443.jpg,SMITHS LONGSPUR
444.jpg,BLACK SWAN
445.jpg,LONG-EARED OWL
446.jpg,AFRICAN CROWNED CRANE
447.jpg,MALLARD DUCK
448.jpg,SORA
449.jpg,MARABOU STORK
45.jpg,SAND MARTIN
450.jpg,ELLIOTS  PHEASANT
451.jpg,TIT MOUSE
452.jpg,FRIGATE
453.jpg,JABIRU
454.jpg,TRUMPTER SWAN
455.jpg,LONG-EARED OWL
456.jpg,PARAKETT  AKULET
457.jpg,KAKAPO
458.jpg,SNOWY EGRET
459.jpg,RED FACED WARBLER
46.jpg,HOATZIN
460.jpg,JABIRU
461.jpg,RED BROWED FINCH
462.jpg,DOUBLE BARRED FINCH
463.jpg,PYGMY KINGFISHER
464.jpg,ANNAS HUMMINGBIRD
465.jpg,MOURNING DOVE
466.jpg,PINK ROBIN
467.jpg,SORA
468.jpg,VICTORIA CROWNED PIGEON
469.jpg,FLAME TANAGER
47.jpg,AFRICAN CROWNED CRANE
470.jpg,RED BROWED FINCH
471.jpg,AMERICAN AVOCET
472.jpg,CALIFORNIA GULL
473.jpg,SCARLET IBIS
474.jpg,HOATZIN
475.jpg,GREY PLOVER
476.jpg,OSPREY
477.jpg,MALLARD DUCK
478.jpg,GO AWAY BIRD
479.jpg,BAR-TAILED GODWIT
48.jpg,COCKATOO
480.jpg,NICOBAR PIGEON
481.jpg,CUBAN TODY
482.jpg,HARPY EAGLE
483.jpg,CUBAN TODY
484.jpg,AMERICAN PIPIT
485.jpg,GRAY PARTRIDGE
486.jpg,BELTED KINGFISHER
487.jpg,NORTHERN FLICKER
488.jpg,PURPLE SWAMPHEN
489.jpg,WATTLED CURASSOW
49.jpg,RUFOUS KINGFISHER
490.jpg,EASTERN BLUEBIRD
491.jpg,WALL CREAPER
492.jpg,RED FACED CORMORANT
493.jpg,CAPUCHINBIRD
494.jpg,GLOSSY IBIS
495.jpg,NORTHERN FLICKER
496.jpg,HARPY EAGLE
497.jpg,BANDED BROADBILL
498.jpg,ROBIN
499.jpg,SPOONBILL
5.jpg,D-ARNAUDS BARBET
50.jpg,AMERICAN BITTERN
500.jpg,DOUBLE BRESTED CORMARANT
501.jpg,AFRICAN CROWNED CRANE
502.jpg,TAKAHE
503.jpg,BLACK & YELLOW bROADBILL
504.jpg,NORTHERN RED BISHOP
505.jpg,EURASIAN GOLDEN ORIOLE
506.jpg,AFRICAN CROWNED CRANE
507.jpg,GRAY PARTRIDGE
508.jpg,NORTHERN BALD IBIS
509.jpg,CASPIAN TERN
51.jpg,COMMON GRACKLE
510.jpg,CAPE MAY WARBLER
511.jpg,GLOSSY IBIS
512.jpg,BROWN CREPPER
513.jpg,RED FACED WARBLER
514.jpg,WHITE THROATED BEE EATER
515.jpg,PURPLE GALLINULE
516.jpg,CHUKAR PARTRIDGE
517.jpg,INDIGO BUNTING
518.jpg,CANARY
519.jpg,GILA WOODPECKER
52.jpg,ANNAS HUMMINGBIRD
520.jpg,COCK OF THE  ROCK
521.jpg,FRIGATE
522.jpg,MALLARD DUCK
523.jpg,TURKEY VULTURE
524.jpg,CHUKAR PARTRIDGE
525.jpg,JABIRU
526.jpg,BARN SWALLOW
527.jpg,GREEN JAY
528.jpg,NICOBAR PIGEON
529.jpg,INCA TERN
53.jpg,GILA WOODPECKER
530.jpg,ELLIOTS  PHEASANT
531.jpg,EURASIAN MAGPIE
532.jpg,CAPUCHINBIRD
533.jpg,VICTORIA CROWNED PIGEON
534.jpg,GOLDEN EAGLE
535.jpg,MANDRIN DUCK
536.jpg,CANARY
537.jpg,STORK BILLED KINGFISHER
538.jpg,RUFOUS KINGFISHER
539.jpg,CUBAN TROGON
54.jpg,GRAY CATBIRD
540.jpg,VENEZUELIAN TROUPIAL
541.jpg,GILDED FLICKER
542.jpg,KING VULTURE
543.jpg,STRIPPED MANAKIN
544.jpg,NORTHERN MOCKINGBIRD
545.jpg,BLACK THROATED BUSHTIT
546.jpg,HOUSE SPARROW
547.jpg,BLACK TAIL CRAKE
548.jpg,WATTLED CURASSOW
549.jpg,TAIWAN MAGPIE
55.jpg,HOATZIN
550.jpg,TIT MOUSE
551.jpg,TREE SWALLOW
552.jpg,CRIMSON SUNBIRD
553.jpg,NORTHERN BALD IBIS
554.jpg,STRIPPED SWALLOW
555.jpg,EASTERN TOWEE
556.jpg,EVENING GROSBEAK
557.jpg,CAPUCHINBIRD
558.jpg,BOBOLINK
559.jpg,BLACK & YELLOW bROADBILL
56.jpg,SCARLET MACAW
560.jpg,SMITHS LONGSPUR
561.jpg,BLACK & YELLOW bROADBILL
562.jpg,RING-NECKED PHEASANT
563.jpg,PALILA
564.jpg,TURQUOISE MOTMOT
565.jpg,FLAMINGO
566.jpg,HORNBILL
567.jpg,CHIPPING SPARROW
568.jpg,MARABOU STORK
569.jpg,RUFUOS MOTMOT
57.jpg,AMERICAN BITTERN
570.jpg,ROUGH LEG BUZZARD
571.jpg,DOUBLE BRESTED CORMARANT
572.jpg,YELLOW HEADED BLACKBIRD
573.jpg,NORTHERN RED BISHOP
574.jpg,COMMON POORWILL
575.jpg,VIOLET GREEN SWALLOW
576.jpg,SCARLET IBIS
577.jpg,EMU
578.jpg,CACTUS WREN
579.jpg,JAVA SPARROW
58.jpg,KILLDEAR
580.jpg,BARRED PUFFBIRD
581.jpg,INCA TERN
582.jpg,BROWN NOODY
583.jpg,ALBATROSS
584.jpg,BARRED PUFFBIRD
585.jpg,EASTERN BLUEBIRD
586.jpg,CALIFORNIA CONDOR
587.jpg,SNOWY EGRET
588.jpg,TURKEY VULTURE
589.jpg,ROUGH LEG BUZZARD
59.jpg,CROWNED PIGEON
590.jpg,BLONDE CRESTED WOODPECKER
591.jpg,CRESTED NUTHATCH
592.jpg,VULTURINE GUINEAFOWL
593.jpg,GREEN MAGPIE
594.jpg,COMMON GRACKLE
595.jpg,BLACK SWAN
596.jpg,RED FACED CORMORANT
597.jpg,CALIFORNIA QUAIL
598.jpg,ELEGANT TROGON
599.jpg,ASIAN CRESTED IBIS
6.jpg,GOLDEN CHLOROPHONIA
60.jpg,CRIMSON SUNBIRD
600.jpg,BARN SWALLOW
601.jpg,BEARDED BELLBIRD
602.jpg,STRAWBERRY FINCH
603.jpg,PARADISE TANAGER
604.jpg,BLACK SWAN
605.jpg,GREEN BROADBILL
606.jpg,CRIMSON SUNBIRD
607.jpg,CRESTED CARACARA
608.jpg,DOUBLE BRESTED CORMARANT
609.jpg,BEARDED BELLBIRD
61.jpg,YELLOW BELLIED FLOWERPECKER
610.jpg,BLONDE CRESTED WOODPECKER
611.jpg,ALEXANDRINE PARAKEET
612.jpg,BLACKBURNIAM WARBLER
613.jpg,CROWNED PIGEON
614.jpg,COMMON GRACKLE
615.jpg,PARUS MAJOR
616.jpg,NORTHERN FLICKER
617.jpg,BLACK FRANCOLIN
618.jpg,KAGU
619.jpg,MALAGASY WHITE EYE
62.jpg,JAVA SPARROW
620.jpg,BELTED KINGFISHER
621.jpg,NORTHERN RED BISHOP
622.jpg,BANANAQUIT
623.jpg,MAGPIE GOOSE
624.jpg,BLACK TAIL CRAKE
625.jpg,PURPLE SWAMPHEN
626.jpg,BLACK-NECKED GREBE
627.jpg,HOATZIN
628.jpg,RED BEARDED BEE EATER
629.jpg,LEARS MACAW
63.jpg,NORTHERN GOSHAWK
630.jpg,MAGPIE GOOSE
631.jpg,KILLDEAR
632.jpg,STRAWBERRY FINCH
633.jpg,TIT MOUSE
634.jpg,BARN OWL
635.jpg,GOLDEN CHEEKED WARBLER
636.jpg,MIKADO  PHEASANT
637.jpg,BANDED BROADBILL
638.jpg,AMERICAN KESTREL
639.jpg,PURPLE FINCH
64.jpg,SNOWY OWL
640.jpg,NORTHERN GANNET
641.jpg,VENEZUELIAN TROUPIAL
642.jpg,COMMON HOUSE MARTIN
643.jpg,RED WISKERED BULBUL
644.jpg,ROADRUNNER
645.jpg,BLACK THROATED WARBLER
646.jpg,BALI STARLING
647.jpg,ROADRUNNER
648.jpg,GOLDEN EAGLE
649.jpg,KAGU
65.jpg,GANG GANG COCKATOO
650.jpg,BLACK FRANCOLIN
651.jpg,WOOD DUCK
652.jpg,GOLDEN PHEASANT
653.jpg,WATTLED CURASSOW
654.jpg,BLACK TAIL CRAKE
655.jpg,BELTED KINGFISHER
656.jpg,RED NAPED TROGON
657.jpg,RED WINGED BLACKBIRD
658.jpg,SCARLET IBIS
659.jpg,RED HEADED WOODPECKER
66.jpg,RED BELLIED PITTA
660.jpg,AMERICAN REDSTART
661.jpg,BORNEAN PHEASANT
662.jpg,PURPLE MARTIN
663.jpg,UMBRELLA BIRD
664.jpg,RUBY THROATED HUMMINGBIRD
665.jpg,RAINBOW LORIKEET
666.jpg,PURPLE SWAMPHEN
667.jpg,SUPERB STARLING
668.jpg,BLACK THROATED WARBLER
669.jpg,JABIRU
67.jpg,GREEN MAGPIE
670.jpg,RUFUOS MOTMOT
671.jpg,PARAKETT  AKULET
672.jpg,HAWAIIAN GOOSE
673.jpg,SCARLET TANAGER
674.jpg,BAY-BREASTED WARBLER
675.jpg,BARN OWL
676.jpg,KING VULTURE
677.jpg,CLARKS NUTCRACKER
678.jpg,WHITE CHEEKED TURACO
679.jpg,PARUS MAJOR
68.jpg,ROBIN
680.jpg,COMMON POORWILL
681.jpg,RING-NECKED PHEASANT
682.jpg,KILLDEAR
683.jpg,IMPERIAL SHAQ
684.jpg,MYNA
685.jpg,REGENT BOWERBIRD
686.jpg,FLAMINGO
687.jpg,VULTURINE GUINEAFOWL
688.jpg,ROSY FACED LOVEBIRD
689.jpg,CALIFORNIA CONDOR
69.jpg,YELLOW CACIQUE
690.jpg,OSTRICH
691.jpg,TURQUOISE MOTMOT
692.jpg,MALACHITE KINGFISHER
693.jpg,CALIFORNIA CONDOR
694.jpg,CEDAR WAXWING
695.jpg,GO AWAY BIRD
696.jpg,PUFFIN
697.jpg,DARK EYED JUNCO
698.jpg,RED HONEY CREEPER
699.jpg,WOOD DUCK
7.jpg,BLACK-CAPPED CHICKADEE
70.jpg,MASKED LAPWING
700.jpg,CANARY
701.jpg,BLACKBURNIAM WARBLER
702.jpg,MAGPIE GOOSE
703.jpg,MALACHITE KINGFISHER
704.jpg,RED NAPED TROGON
705.jpg,TURQUOISE MOTMOT
706.jpg,HORNBILL
707.jpg,NORTHERN CARDINAL
708.jpg,ROSY FACED LOVEBIRD
709.jpg,BORNEAN LEAFBIRD
71.jpg,COCK OF THE  ROCK
710.jpg,CRESTED NUTHATCH
711.jpg,ANNAS HUMMINGBIRD
712.jpg,VULTURINE GUINEAFOWL
713.jpg,CRIMSON SUNBIRD
714.jpg,RED WINGED BLACKBIRD
715.jpg,SAND MARTIN
716.jpg,NICOBAR PIGEON
717.jpg,HORNBILL
718.jpg,CEDAR WAXWING
719.jpg,HOODED MERGANSER
72.jpg,NORTHERN CARDINAL
720.jpg,GOULDIAN FINCH
721.jpg,NORTHERN GOSHAWK
722.jpg,AMERICAN KESTREL
723.jpg,COMMON HOUSE MARTIN
724.jpg,DOUBLE BRESTED CORMARANT
725.jpg,BELTED KINGFISHER
726.jpg,MALACHITE KINGFISHER
727.jpg,GRAY PARTRIDGE
728.jpg,BANDED BROADBILL
729.jpg,WHITE THROATED BEE EATER
73.jpg,DOUBLE BARRED FINCH
730.jpg,RED NAPED TROGON
731.jpg,TRUMPTER SWAN
732.jpg,VICTORIA CROWNED PIGEON
733.jpg,BLONDE CRESTED WOODPECKER
734.jpg,GRAY CATBIRD
735.jpg,BORNEAN BRISTLEHEAD
736.jpg,LARK BUNTING
737.jpg,WILD TURKEY
738.jpg,EVENING GROSBEAK
739.jpg,RED FACED WARBLER
74.jpg,CUBAN TODY
740.jpg,WATTLED CURASSOW
741.jpg,BEARDED BARBET
742.jpg,HELMET VANGA
743.jpg,EASTERN MEADOWLARK
744.jpg,PHILIPPINE EAGLE
745.jpg,BROWN NOODY
746.jpg,VERMILION FLYCATHER
747.jpg,RED HEADED DUCK
748.jpg,EURASIAN GOLDEN ORIOLE
749.jpg,BORNEAN LEAFBIRD
75.jpg,HORNBILL
750.jpg,RED HONEY CREEPER
751.jpg,MOURNING DOVE
752.jpg,HOUSE FINCH
753.jpg,NORTHERN FLICKER
754.jpg,CINNAMON TEAL
755.jpg,BORNEAN BRISTLEHEAD
756.jpg,MYNA
757.jpg,GUINEA TURACO
758.jpg,BARN OWL
759.jpg,GUINEA TURACO
76.jpg,BLACK-NECKED GREBE
760.jpg,COLLARED ARACARI
761.jpg,SNOWY OWL
762.jpg,HOODED MERGANSER
763.jpg,ROCK DOVE
764.jpg,FLAMINGO
765.jpg,ROCK DOVE
766.jpg,COMMON POORWILL
767.jpg,YELLOW HEADED BLACKBIRD
768.jpg,CURL CRESTED ARACURI
769.jpg,NORTHERN JACANA
77.jpg,ROYAL FLYCATCHER
770.jpg,TOUCHAN
771.jpg,GYRFALCON
772.jpg,BLACK & YELLOW bROADBILL
773.jpg,BANANAQUIT
774.jpg,RUDY KINGFISHER
775.jpg,NORTHERN MOCKINGBIRD
776.jpg,VARIED THRUSH
777.jpg,SHORT BILLED DOWITCHER
778.jpg,SHOEBILL
779.jpg,HARPY EAGLE
78.jpg,CRESTED AUKLET
780.jpg,CALIFORNIA QUAIL
781.jpg,BLACK SWAN
782.jpg,CEDAR WAXWING
783.jpg,COCK OF THE  ROCK
784.jpg,COUCHS KINGBIRD
785.jpg,VARIED THRUSH
786.jpg,COCKATOO
787.jpg,RED WINGED BLACKBIRD
788.jpg,WATTLED CURASSOW
789.jpg,LILAC ROLLER
79.jpg,HOATZIN
790.jpg,SPLENDID WREN
791.jpg,WHITE NECKED RAVEN
792.jpg,ARARIPE MANAKIN
793.jpg,GUINEAFOWL
794.jpg,COMMON STARLING
795.jpg,AFRICAN CROWNED CRANE
796.jpg,BANDED PITA
797.jpg,SCARLET TANAGER
798.jpg,HOOPOES
799.jpg,ANTBIRD
8.jpg,SCARLET MACAW
80.jpg,ROADRUNNER
800.jpg,COCK OF THE  ROCK
801.jpg,CACTUS WREN
802.jpg,GREEN MAGPIE
803.jpg,SANDHILL CRANE
804.jpg,BULWERS PHEASANT
805.jpg,TAKAHE
806.jpg,RED TAILED HAWK
807.jpg,ALEXANDRINE PARAKEET
808.jpg,BANANAQUIT
809.jpg,GOLDEN PHEASANT
81.jpg,MASKED BOOBY
810.jpg,CARMINE BEE-EATER
811.jpg,GREATOR SAGE GROUSE
812.jpg,PELICAN
813.jpg,PAINTED BUNTIG
814.jpg,QUETZAL
815.jpg,BOBOLINK
816.jpg,OYSTER CATCHER
817.jpg,RED HEADED WOODPECKER
818.jpg,PARAKETT  AKULET
819.jpg,CALIFORNIA CONDOR
82.jpg,CALIFORNIA QUAIL
820.jpg,ANTBIRD
821.jpg,AMERICAN BITTERN
822.jpg,GOLDEN CHLOROPHONIA
823.jpg,RED HONEY CREEPER
824.jpg,TEAL DUCK
825.jpg,MALLARD DUCK
826.jpg,SAND MARTIN
827.jpg,BALD IBIS
828.jpg,RUFUOS MOTMOT
829.jpg,MALABAR HORNBILL
83.jpg,PURPLE FINCH
830.jpg,INCA TERN
831.jpg,VICTORIA CROWNED PIGEON
832.jpg,BROWN THRASHER
833.jpg,EASTERN BLUEBIRD
834.jpg,CAPUCHINBIRD
835.jpg,HOUSE FINCH
836.jpg,NORTHERN SHOVELER
837.jpg,COLLARED ARACARI
838.jpg,PARAKETT  AKULET
839.jpg,GOLDEN CHEEKED WARBLER
84.jpg,BALD EAGLE
840.jpg,BLACK THROATED WARBLER
841.jpg,COMMON FIRECREST
842.jpg,GOULDIAN FINCH
843.jpg,ANNAS HUMMINGBIRD
844.jpg,PAINTED BUNTIG
845.jpg,SPLENDID WREN
846.jpg,JAVA SPARROW
847.jpg,AFRICAN CROWNED CRANE
848.jpg,COMMON LOON
849.jpg,OCELLATED TURKEY
85.jpg,MALAGASY WHITE EYE
850.jpg,GRAY PARTRIDGE
851.jpg,COUCHS KINGBIRD
852.jpg,AMERICAN REDSTART
853.jpg,DOUBLE BARRED FINCH
854.jpg,MARABOU STORK
855.jpg,JAVA SPARROW
856.jpg,BLACK FRANCOLIN
857.jpg,NORTHERN JACANA
858.jpg,CALIFORNIA CONDOR
859.jpg,EURASIAN MAGPIE
86.jpg,NORTHERN FLICKER
860.jpg,BOBOLINK
861.jpg,GREEN MAGPIE
862.jpg,BROWN CREPPER
863.jpg,GO AWAY BIRD
864.jpg,STRAWBERRY FINCH
865.jpg,COMMON FIRECREST
866.jpg,CHARA DE COLLAR
867.jpg,ARARIPE MANAKIN
868.jpg,CAPPED HERON
869.jpg,REGENT BOWERBIRD
87.jpg,COUCHS KINGBIRD
870.jpg,BROWN THRASHER
871.jpg,SWINHOES PHEASANT
872.jpg,ANTBIRD
873.jpg,ROBIN
874.jpg,KING VULTURE
875.jpg,OKINAWA RAIL
876.jpg,GUINEAFOWL
877.jpg,BLACK VULTURE
878.jpg,ALBATROSS
879.jpg,RAZORBILL
88.jpg,CHARA DE COLLAR
880.jpg,ANNAS HUMMINGBIRD
881.jpg,GREEN BROADBILL
882.jpg,BALTIMORE ORIOLE
883.jpg,GOLDEN EAGLE
884.jpg,NORTHERN SHOVELER
885.jpg,SPANGLED COTINGA
886.jpg,BORNEAN BRISTLEHEAD
887.jpg,SAND MARTIN
888.jpg,BOBOLINK
889.jpg,CERULEAN WARBLER
89.jpg,GRAY PARTRIDGE
890.jpg,SUPERB STARLING
891.jpg,CUBAN TROGON
892.jpg,BELTED KINGFISHER
893.jpg,CHUKAR PARTRIDGE
894.jpg,ROBIN
895.jpg,OSTRICH
896.jpg,CHIPPING SPARROW
897.jpg,RED FACED CORMORANT
898.jpg,PAINTED BUNTIG
899.jpg,TRUMPTER SWAN
9.jpg,NORTHERN JACANA
90.jpg,INDIAN BUSTARD
900.jpg,GUINEA TURACO
901.jpg,NORTHERN FLICKER
902.jpg,HAWAIIAN GOOSE
903.jpg,PAINTED BUNTIG
904.jpg,WHITE TAILED TROPIC
905.jpg,FIRE TAILLED MYZORNIS
906.jpg,HOUSE SPARROW
907.jpg,CRESTED NUTHATCH
908.jpg,FLAMINGO
909.jpg,EURASIAN MAGPIE
91.jpg,CRESTED CARACARA
910.jpg,EURASIAN GOLDEN ORIOLE
911.jpg,COCK OF THE  ROCK
912.jpg,BALTIMORE ORIOLE
913.jpg,SHOEBILL
914.jpg,VARIED THRUSH
915.jpg,PEACOCK
916.jpg,SAMATRAN THRUSH
917.jpg,WALL CREAPER
918.jpg,OSPREY
919.jpg,BIRD OF PARADISE
92.jpg,EVENING GROSBEAK
920.jpg,HORNED SUNGEM
921.jpg,ENGGANO MYNA
922.jpg,VIOLET GREEN SWALLOW
923.jpg,WALL CREAPER
924.jpg,COCKATOO
925.jpg,AMERICAN PIPIT
926.jpg,GO AWAY BIRD
927.jpg,COMMON FIRECREST
928.jpg,SORA
929.jpg,EASTERN ROSELLA
93.jpg,KIWI
930.jpg,TURKEY VULTURE
931.jpg,BLONDE CRESTED WOODPECKER
932.jpg,UMBRELLA BIRD
933.jpg,OVENBIRD
934.jpg,BARRED PUFFBIRD
935.jpg,BLACK TAIL CRAKE
936.jpg,NORTHERN GOSHAWK
937.jpg,COLLARED ARACARI
938.jpg,RED HEADED DUCK
939.jpg,CAPUCHINBIRD
94.jpg,AMERICAN AVOCET
940.jpg,ORANGE BRESTED BUNTING
941.jpg,COLLARED ARACARI
942.jpg,RUBY THROATED HUMMINGBIRD
943.jpg,INDIAN PITTA
944.jpg,BORNEAN BRISTLEHEAD
945.jpg,SNOWY OWL
946.jpg,ROCK DOVE
947.jpg,EASTERN MEADOWLARK
948.jpg,RED WINGED BLACKBIRD
949.jpg,HAWAIIAN GOOSE
95.jpg,PURPLE FINCH
950.jpg,ORANGE BRESTED BUNTING
951.jpg,RED BEARDED BEE EATER
952.jpg,BALD EAGLE
953.jpg,BLACK SKIMMER
954.jpg,GREEN JAY
955.jpg,TEAL DUCK
956.jpg,PEREGRINE FALCON
957.jpg,SUPERB STARLING
958.jpg,TOWNSENDS WARBLER
959.jpg,ARARIPE MANAKIN
96.jpg,BLACK-CAPPED CHICKADEE
960.jpg,TEAL DUCK
961.jpg,PURPLE GALLINULE
962.jpg,TREE SWALLOW
963.jpg,TOUCHAN
964.jpg,GOLD WING WARBLER
965.jpg,SRI LANKA BLUE MAGPIE
966.jpg,ALBATROSS
967.jpg,CLARKS NUTCRACKER
968.jpg,RED BEARDED BEE EATER
969.jpg,YELLOW CACIQUE
97.jpg,CASSOWARY
970.jpg,NORTHERN GOSHAWK
971.jpg,BARN SWALLOW
972.jpg,TAIWAN MAGPIE
973.jpg,MALACHITE KINGFISHER
974.jpg,WHIMBREL
975.jpg,GREY PLOVER
976.jpg,GREEN JAY
977.jpg,HOUSE SPARROW
978.jpg,COMMON LOON
979.jpg,NORTHERN CARDINAL
98.jpg,YELLOW CACIQUE
980.jpg,WHITE TAILED TROPIC
981.jpg,DOUBLE BRESTED CORMARANT
982.jpg,CARMINE BEE-EATER
983.jpg,CASSOWARY
984.jpg,TOWNSENDS WARBLER
985.jpg,CAPPED HERON
986.jpg,GREY PLOVER
987.jpg,COCKATOO
988.jpg,TIT MOUSE
989.jpg,PEACOCK
99.jpg,HORNED SUNGEM
990.jpg,MALACHITE KINGFISHER
991.jpg,MARABOU STORK
992.jpg,TEAL DUCK
993.jpg,WALL CREAPER
994.jpg,VENEZUELIAN TROUPIAL
995.jpg,JABIRU
996.jpg,JABIRU
997.jpg,AMERICAN AVOCET
998.jpg,NORTHERN GANNET
999.jpg,RUBY THROATED HUMMINGBIRD
