id,predict value,Probability,
AFRICAN FIREFINCH,VERMILION FLYCATHER,84.04428363,N
AFRICAN FIREFINCH,SCARLET IBIS,99.78870749,N
AFRICAN FIREFINCH,STRAWBERRY FINCH,79.29537892,N
ALBATROSS,EURASIAN MAGPIE,71.16270065,N
ALBATROSS,MASKED BOOBY,44.19949353,N
ALBATROSS,AMERICAN AVOCET,68.29593182,N
ALEXANDRINE PARAKEET,ROSY FACED LOVEBIRD,70.54439783,N
AMERICAN AVOCET,JABIRU,63.94126415,N
AMERICAN COOT,TURKEY VULTURE,79.92178202,N
AMERICAN GOLDFINCH,STRAWBERRY FINCH,62.2761488,N
AMERICAN GOLDFINCH,EURASIAN GOLDEN ORIOLE,75.13708472,N
AMERICAN KESTREL,CAPUCHINBIRD,99.31446314,N
AMERICAN KESTREL,MALLARD DUCK,36.78871989,N
AMERICAN PIPIT,SAND MARTIN,83.81153941,N
AMERICAN PIPIT,BROWN CREPPER,95.00805736,N
AMERICAN REDSTART,TIT MOUSE,69.88281608,N
AMERICAN REDSTART,WHITE THROATED BEE EATER,95.37795186,N
ANHINGA,ROCK DOVE,90.55589437,N
ANTBIRD,HORNBILL,50.38496256,N
ANTBIRD,VARIED THRUSH,30.27544618,N
ASIAN CRESTED IBIS,SANDHILL CRANE,94.73497868,N
BALD EAGLE,GOLDEN EAGLE,58.75560045,N
BALD IBIS,BALD EAGLE,92.08188057,N
BALD IBIS,NORTHERN BALD IBIS,86.09169126,N
BALD IBIS,CURL CRESTED ARACURI,68.28730702,N
BALTIMORE ORIOLE,VENEZUELIAN TROUPIAL,100,N
BANDED BROADBILL,HORNBILL,71.14850879,N
BAR-TAILED GODWIT,GREY PLOVER,97.6010263,N
BAR-TAILED GODWIT,BROWN THRASHER,98.03261757,N
BARN OWL,JABIRU,96.06670141,N
BEARDED BARBET,GOLDEN PHEASANT,57.46413469,N
BEARDED BARBET,LEARS MACAW,99.53782558,N
BEARDED BARBET,MALEO,53.92435193,N
BELTED KINGFISHER,NORTHERN SHOVELER,45.03517747,N
BELTED KINGFISHER,BANDED BROADBILL,84.47547555,N
BIRD OF PARADISE,STRAWBERRY FINCH,89.88075852,N
BIRD OF PARADISE,FLAME TANAGER,56.02086186,N
BIRD OF PARADISE,NORTHERN JACANA,94.57758665,N
BLACK FRANCOLIN,GRAY PARTRIDGE,99.9999404,N
BLACK SKIMMER,MAGPIE GOOSE,86.5588069,N
BLACK SKIMMER,SPOONBILL,61.55465841,N
BLACK SKIMMER,AMERICAN AVOCET,98.72946143,N
BLACK SWAN,NORTHERN FLICKER,99.93830919,N
BLACK TAIL CRAKE,INCA TERN,40.09394348,N
BLACK THROATED WARBLER,TAIWAN MAGPIE,57.15397596,N
BLACK VULTURE,D-ARNAUDS BARBET,55.78126311,N
BLACK VULTURE,BROWN CREPPER,98.5761404,N
BLACK-CAPPED CHICKADEE,BROWN CREPPER,99.12117124,N
BLACKBURNIAM WARBLER,COMMON FIRECREST,70.14513612,N
BLACKBURNIAM WARBLER,TOWNSENDS WARBLER,52.34033465,N
BLUE GROUSE,PEREGRINE FALCON,92.57323742,N
BLUE GROUSE,GREATOR SAGE GROUSE,72.53836989,N
BLUE HERON,UMBRELLA BIRD,99.99634027,N
BOBOLINK,BANDED BROADBILL,73.54727387,N
BOBOLINK,CALIFORNIA QUAIL,84.07191038,N
BOBOLINK,HOOPOES,90.15007019,N
BORNEAN BRISTLEHEAD,RED WINGED BLACKBIRD,99.79083538,N
BORNEAN LEAFBIRD,BROWN NOODY,79.14648652,N
BORNEAN LEAFBIRD,FIRE TAILLED MYZORNIS,99.6609211,N
BORNEAN LEAFBIRD,COLLARED ARACARI,99.88927245,N
BORNEAN LEAFBIRD,INDIAN PITTA,94.69594359,N
BORNEAN PHEASANT,SORA,99.61574674,N
BORNEAN PHEASANT,MIKADO  PHEASANT,90.54755569,N
BROWN CREPPER,D-ARNAUDS BARBET,35.32532454,N
BROWN NOODY,CHARA DE COLLAR,98.99973869,N
BROWN THRASHER,COMMON POORWILL,68.66057515,N
BROWN THRASHER,PURPLE FINCH,97.55237699,N
CACTUS WREN,PHILIPPINE EAGLE,30.11425734,N
CACTUS WREN,AMERICAN KESTREL,96.27218843,N
CALIFORNIA CONDOR,BALD IBIS,80.39665818,N
CALIFORNIA CONDOR,BROWN CREPPER,95.24453282,N
CALIFORNIA GULL,MASKED LAPWING,93.04150343,N
CALIFORNIA GULL,SORA,31.2661618,N
CALIFORNIA QUAIL,PEREGRINE FALCON,99.964571,N
CANARY,MALAGASY WHITE EYE,97.70270586,N
CANARY,EASTERN MEADOWLARK,87.8644228,N
CAPPED HERON,SHOEBILL,98.48634601,N
CARMINE BEE-EATER,PURPLE SWAMPHEN,99.86968637,N
CASPIAN TERN,RED WISKERED BULBUL,99.99996424,N
CASSOWARY,OSTRICH,58.288306,N
CASSOWARY,PYGMY KINGFISHER,98.39504957,N
CEDAR WAXWING,RED WISKERED BULBUL,61.85980439,N
CERULEAN WARBLER,CHARA DE COLLAR,70.45052648,N
CHARA DE COLLAR,TREE SWALLOW,99.81870055,N
CHARA DE COLLAR,EURASIAN MAGPIE,99.99502897,N
CHIPPING SPARROW,HOUSE SPARROW,99.99886751,N
COCK OF THE  ROCK,NORTHERN RED BISHOP,99.99961853,N
COCKATOO,WHITE TAILED TROPIC,99.56231713,N
COMMON FIRECREST,NORTHERN RED BISHOP,51.22651458,N
COMMON FIRECREST,AMERICAN REDSTART,68.66779327,N
COMMON FIRECREST,OVENBIRD,97.4229753,N
COMMON HOUSE MARTIN,EURASIAN MAGPIE,62.51953244,N
COMMON HOUSE MARTIN,BROWN NOODY,74.63234067,N
COMMON HOUSE MARTIN,AMERICAN AVOCET,52.83651948,N
COMMON HOUSE MARTIN,RAZORBILL,99.41222072,N
COMMON LOON,ELLIOTS  PHEASANT,99.97336268,N
COMMON LOON,BLACK SWAN,50.14421344,N
COMMON POORWILL,GOLDEN EAGLE,49.14639294,N
COMMON POORWILL,BLACK FRANCOLIN,80.26494384,N
COUCHS KINGBIRD,PEREGRINE FALCON,85.35568118,N
CRESTED AUKLET,CRESTED CARACARA,65.38887024,N
CRESTED AUKLET,COLLARED ARACARI,98.51847887,N
CRESTED NUTHATCH,RED WISKERED BULBUL,91.14206433,N
CROWNED PIGEON,VICTORIA CROWNED PIGEON,99.99998808,N
CROWNED PIGEON,SORA,88.19164634,N
CROW,BLACK VULTURE,93.59045625,N
CROW,WHITE NECKED RAVEN,95.79333663,N
CROW,WHITE NECKED RAVEN,51.41365528,N
D-ARNAUDS BARBET,CACTUS WREN,84.56230164,N
DARK EYED JUNCO,NOISY FRIARBIRD,40.53485394,N
DARK EYED JUNCO,PARAKETT  AKULET,97.78850675,N
DOUBLE BRESTED CORMARANT,RED FACED CORMORANT,98.85342717,N
DOWNY WOODPECKER,GAMBELS QUAIL,74.55117702,N
DOWNY WOODPECKER,HORNED GUAN,84.19515491,N
EASTERN BLUEBIRD,BARN SWALLOW,99.55717325,N
EASTERN ROSELLA,ROSY FACED LOVEBIRD,76.99102759,N
EASTERN ROSELLA,VERMILION FLYCATHER,51.43432617,N
ELEGANT TROGON,WHITE CHEEKED TURACO,58.46339464,N
ELLIOTS  PHEASANT,KING VULTURE,63.57613802,N
ELLIOTS  PHEASANT,RUDY KINGFISHER,99.9982357,N
EMU,D-ARNAUDS BARBET,97.96988964,N
EVENING GROSBEAK,HOUSE SPARROW,46.78042233,N
EVENING GROSBEAK,GOLD WING WARBLER,95.08461356,N
FIRE TAILLED MYZORNIS,ALEXANDRINE PARAKEET,91.41879678,N
FLAME TANAGER,SCARLET TANAGER,98.42312932,N
FLAME TANAGER,VERMILION FLYCATHER,78.66239548,N
FLAMINGO,NORTHERN CARDINAL,99.10396934,N
GAMBELS QUAIL,GREATOR SAGE GROUSE,99.86851811,N
GANG GANG COCKATOO,RED FACED CORMORANT,42.10342169,N
GANG GANG COCKATOO,COCK OF THE  ROCK,99.41496849,N
GILA WOODPECKER,SANDHILL CRANE,96.68479562,N
GILDED FLICKER,BLONDE CRESTED WOODPECKER,98.71867895,N
GLOSSY IBIS,OSPREY,47.96718657,N
GO AWAY BIRD,MALAGASY WHITE EYE,95.66546679,N
GOLD WING WARBLER,GOLDEN CHEEKED WARBLER,96.88988328,N
GOLDEN EAGLE,DOUBLE BRESTED CORMARANT,89.43248391,N
GOLDEN EAGLE,RED TAILED HAWK,50.84877014,N
GOLDEN EAGLE,RED TAILED HAWK,78.09961438,N
GOLDEN PHEASANT,BEARDED BARBET,59.51769352,N
GRAY CATBIRD,CRESTED NUTHATCH,47.58662283,N
GRAY PARTRIDGE,LONG-EARED OWL,66.65604115,N
GREAT POTOO,NORTHERN GOSHAWK,95.62088251,N
GREAT POTOO,PHILIPPINE EAGLE,63.13626766,N
GREAT POTOO,LONG-EARED OWL,88.67253661,N
GREAT POTOO,GOLDEN CHEEKED WARBLER,99.62005019,N
GREAT POTOO,GREATOR SAGE GROUSE,72.70901203,N
GREEN JAY,BLACK & YELLOW bROADBILL,98.56873155,N
GUINEAFOWL,WILD TURKEY,52.29712129,N
GYRFALCON,SNOWY OWL,99.87584352,N
HARPY EAGLE,MARABOU STORK,44.55988705,N
HARPY EAGLE,SHOEBILL,59.47930217,N
HAWAIIAN GOOSE,BROWN CREPPER,64.30991888,N
HOATZIN,BIRD OF PARADISE,96.01241946,N
HOATZIN,AMERICAN KESTREL,98.17417264,N
HOATZIN,RED TAILED HAWK,92.62686968,N
HOODED MERGANSER,IMPERIAL SHAQ,99.61120486,N
HOOPOES,NORTHERN FLICKER,61.59886122,N
HORNBILL,ROYAL FLYCATCHER,99.99990463,N
HORNBILL,GANG GANG COCKATOO,99.99836683,N
HORNED GUAN,SWINHOES PHEASANT,98.6256063,N
HORNED GUAN,PURPLE SWAMPHEN,99.79257584,N
HORNED LARK,GOLDEN CHEEKED WARBLER,76.75252557,N
HORNED LARK,GYRFALCON,83.67667198,N
HOUSE FINCH,PURPLE FINCH,98.89876246,N
HOUSE FINCH,NORTHERN FLICKER,84.1494143,N
IMPERIAL SHAQ,NORTHERN JACANA,99.44663644,N
IMPERIAL SHAQ,MARABOU STORK,64.76949453,N
IMPERIAL SHAQ,AMERICAN REDSTART,66.43651724,N
INDIAN BUSTARD,STRAWBERRY FINCH,45.03633976,N
INDIGO BUNTING,MIKADO  PHEASANT,89.58672285,N
JAVA SPARROW,CUBAN TROGON,99.0083456,N
KAGU,MAGPIE GOOSE,79.74540591,N
KILLDEAR,BROWN THRASHER,99.78957176,N
KILLDEAR,AMERICAN AVOCET,99.86553192,N
KING VULTURE,RUFOUS KINGFISHER,99.10840988,N
KIWI,BARRED PUFFBIRD,94.21316981,N
KOOKABURRA,COCKATOO,47.22054005,N
LEARS MACAW,CROWNED PIGEON,86.85541749,N
LILAC ROLLER,JABIRU,75.20301342,N
LONG-EARED OWL,PELICAN,80.08563519,N
LONG-EARED OWL,GOLDEN EAGLE,48.73716533,N
MAGPIE GOOSE,MARABOU STORK,91.59166813,N
MAGPIE GOOSE,MYNA,81.89550042,N
MALABAR HORNBILL,MARABOU STORK,95.33204436,N
MALABAR HORNBILL,AFRICAN CROWNED CRANE,97.36798406,N
MALACHITE KINGFISHER,STORK BILLED KINGFISHER,92.79073477,N
MALEO,BEARDED REEDLING,99.99963045,N
MALLARD DUCK,BLACK FRANCOLIN,99.99945164,N
MARABOU STORK,ROYAL FLYCATCHER,99.99969006,N
MARABOU STORK,DOUBLE BRESTED CORMARANT,98.60026836,N
MASKED BOOBY,CASPIAN TERN,99.80561733,N
MASKED BOOBY,KING VULTURE,53.57138515,N
MASKED BOOBY,TRUMPTER SWAN,88.97321224,N
MASKED LAPWING,DARK EYED JUNCO,61.18053198,N
MASKED LAPWING,RUFOUS KINGFISHER,99.87885356,N
MIKADO  PHEASANT,RED WINGED BLACKBIRD,83.05730224,N
MIKADO  PHEASANT,SANDHILL CRANE,99.9270618,N
MIKADO  PHEASANT,GRAY CATBIRD,75.95053911,N
MOURNING DOVE,TREE SWALLOW,55.99457026,N
MOURNING DOVE,BARN OWL,98.50341678,N
NICOBAR PIGEON,CAPUCHINBIRD,99.94286895,N
NICOBAR PIGEON,BLACK-CAPPED CHICKADEE,95.78486681,N
NOISY FRIARBIRD,TREE SWALLOW,21.17668837,N
NOISY FRIARBIRD,WOOD DUCK,55.09745479,N
NOISY FRIARBIRD,COLLARED ARACARI,99.93944168,N
NOISY FRIARBIRD,MARABOU STORK,77.12960243,N
NORTHERN BALD IBIS,BALD IBIS,95.16074657,N
NORTHERN BALD IBIS,BALD IBIS,99.87185001,N
NORTHERN BALD IBIS,BALD IBIS,57.70540237,N
NORTHERN CARDINAL,SCARLET TANAGER,97.12927938,N
NORTHERN CARDINAL,PAINTED BUNTIG,71.75319791,N
NORTHERN CARDINAL,WALL CREAPER,88.46324086,N
NORTHERN CARDINAL,SPOONBILL,86.68577671,N
NORTHERN FLICKER,GILDED FLICKER,99.85221028,N
NORTHERN GANNET,COCKATOO,48.89327884,N
NORTHERN GANNET,CAPPED HERON,100,N
NORTHERN GOSHAWK,COMMON POORWILL,78.57788205,N
NORTHERN GOSHAWK,BORNEAN PHEASANT,89.58121538,N
NORTHERN GOSHAWK,SORA,73.60808253,N
NORTHERN GOSHAWK,VULTURINE GUINEAFOWL,99.99759197,N
NORTHERN MOCKINGBIRD,STRIPPED SWALLOW,91.68465734,N
NORTHERN MOCKINGBIRD,JABIRU,56.90233707,N
NORTHERN MOCKINGBIRD,NORTHERN FLICKER,86.77741885,N
NORTHERN MOCKINGBIRD,COUCHS KINGBIRD,89.81622458,N
NORTHERN MOCKINGBIRD,INDIAN BUSTARD,87.08465695,N
NORTHERN RED BISHOP,EURASIAN GOLDEN ORIOLE,99.38786626,N
NORTHERN SHOVELER,RED TAILED HAWK,98.97630215,N
OCELLATED TURKEY,GREEN MAGPIE,90.04694819,N
OCELLATED TURKEY,VULTURINE GUINEAFOWL,90.89049101,N
OCELLATED TURKEY,WILD TURKEY,63.77543807,N
OKINAWA RAIL,MIKADO  PHEASANT,77.25385427,N
OKINAWA RAIL,BALD IBIS,84.11010504,N
OKINAWA RAIL,COMMON POORWILL,98.82539511,N
OSPREY,PEREGRINE FALCON,97.64317274,N
OSPREY,KOOKABURRA,96.7658937,N
OSPREY,TREE SWALLOW,84.5784843,N
OSPREY,ROUGH LEG BUZZARD,99.69717264,N
OYSTER CATCHER,BARN SWALLOW,95.72694898,N
PALILA,COMMON FIRECREST,55.69480062,N
PARADISE TANAGER,FAIRY BLUEBIRD,98.87730479,N
PARAKETT  AKULET,CASPIAN TERN,99.94605184,N
PARUS MAJOR,BLACK THROATED WARBLER,94.3310976,N
PEACOCK,BANDED BROADBILL,73.6598134,N
PELICAN,BARN SWALLOW,99.73443151,N
PELICAN,WHITE TAILED TROPIC,93.74850988,N
PELICAN,GOLDEN EAGLE,84.1696918,N
PEREGRINE FALCON,CRESTED NUTHATCH,73.52129817,N
PEREGRINE FALCON,GO AWAY BIRD,69.98829246,N
PEREGRINE FALCON,DOUBLE BRESTED CORMARANT,91.72013402,N
PUFFIN,KING VULTURE,98.56745601,N
PURPLE FINCH,HOUSE FINCH,95.84060311,N
PURPLE FINCH,RED HEADED WOODPECKER,45.0456202,N
PURPLE FINCH,STRAWBERRY FINCH,93.03763509,N
PURPLE GALLINULE,PURPLE SWAMPHEN,99.99865294,N
PURPLE MARTIN,TREE SWALLOW,80.56996465,N
PURPLE MARTIN,COMMON HOUSE MARTIN,99.99904633,N
PURPLE MARTIN,CROW,80.94456196,N
PYGMY KINGFISHER,RUFOUS KINGFISHER,99.97668862,N
RAINBOW LORIKEET,PAINTED BUNTIG,100,N
RED FACED CORMORANT,WILSONS BIRD OF PARADISE,99.98363256,N
RED HEADED DUCK,HORNBILL,99.67442751,N
RED HEADED WOODPECKER,ARARIPE MANAKIN,69.23338771,N
RED NAPED TROGON,RAINBOW LORIKEET,84.86036062,N
RED TAILED HAWK,ROUGH LEG BUZZARD,52.92488933,N
RED TAILED HAWK,PEREGRINE FALCON,99.42143559,N
RED TAILED THRUSH,RED HEADED WOODPECKER,97.1275568,N
RED WINGED BLACKBIRD,DOUBLE BRESTED CORMARANT,72.59683609,N
ROADRUNNER,RED TAILED HAWK,95.3288734,N
ROADRUNNER,LARK BUNTING,50.38630366,N
ROCK DOVE,AMERICAN AVOCET,99.61293936,N
ROCK DOVE,SORA,99.99642372,N
ROSY FACED LOVEBIRD,RUFUOS MOTMOT,93.8698113,N
ROSY FACED LOVEBIRD,HOUSE FINCH,99.99275208,N
ROUGH LEG BUZZARD,PEREGRINE FALCON,34.6850872,N
ROUGH LEG BUZZARD,PEREGRINE FALCON,98.11404943,N
ROUGH LEG BUZZARD,AMERICAN KESTREL,91.0689652,N
RUBY THROATED HUMMINGBIRD,ANNAS HUMMINGBIRD,99.99418259,N
RUFOUS KINGFISHER,PYGMY KINGFISHER,85.16955972,N
RUFOUS KINGFISHER,RUDY KINGFISHER,66.26562476,N
RUFUOS MOTMOT,VENEZUELIAN TROUPIAL,100,N
SAMATRAN THRUSH,KAGU,99.96645451,N
SAMATRAN THRUSH,BARN OWL,99.99921322,N
SAND MARTIN,BROWN NOODY,99.88921285,N
SAND MARTIN,RED TAILED HAWK,78.41731906,N
SANDHILL CRANE,ASIAN CRESTED IBIS,99.98463392,N
SANDHILL CRANE,MARABOU STORK,65.76649547,N
SANDHILL CRANE,ANNAS HUMMINGBIRD,80.31086326,N
SANDHILL CRANE,RAZORBILL,50.33280849,N
SHOEBILL,COUCHS KINGBIRD,31.1542064,N
SHOEBILL,TRUMPTER SWAN,96.420151,N
SHORT BILLED DOWITCHER,AMERICAN KESTREL,96.4417994,N
SMITHS LONGSPUR,COMMON FIRECREST,67.92355776,N
SMITHS LONGSPUR,CACTUS WREN,75.91733336,N
SNOWY EGRET,COCKATOO,41.0348475,N
SNOWY OWL,GYRFALCON,83.70578885,N
SORA,BALD IBIS,88.85961771,N
SORA,LONG-EARED OWL,67.92834997,N
SPLENDID WREN,PARADISE TANAGER,80.49929738,N
SPLENDID WREN,INDIGO BUNTING,53.37851644,N
SPOON BILED SANDPIPER,TRUMPTER SWAN,98.11986685,N
SPOONBILL,OYSTER CATCHER,99.88752007,N
SRI LANKA BLUE MAGPIE,RUDY KINGFISHER,90.99285603,N
SRI LANKA BLUE MAGPIE,SWINHOES PHEASANT,99.90124702,N
STORK BILLED KINGFISHER,RUDY KINGFISHER,99.99706745,N
STRAWBERRY FINCH,SCARLET TANAGER,98.48557115,N
SWINHOES PHEASANT,OKINAWA RAIL,84.50436592,N
TAIWAN MAGPIE,GUINEAFOWL,73.24105501,N
TASMANIAN HEN,EURASIAN MAGPIE,61.02904081,N
TASMANIAN HEN,ANHINGA,48.99128973,N
TIT MOUSE,PARUS MAJOR,98.7575531,N
TIT MOUSE,HOUSE SPARROW,80.53159118,N
TOUCHAN,KING VULTURE,100,N
TOUCHAN,ROYAL FLYCATCHER,86.45061255,N
TOWNSENDS WARBLER,CAPE MAY WARBLER,99.84613657,N
TRUMPTER SWAN,ALBATROSS,99.1979003,N
TURKEY VULTURE,RED HEADED WOODPECKER,99.99598265,N
TURKEY VULTURE,SANDHILL CRANE,99.98931885,N
TURKEY VULTURE,MIKADO  PHEASANT,94.8915422,N
TURKEY VULTURE,SWINHOES PHEASANT,58.93701315,N
UMBRELLA BIRD,WATTLED CURASSOW,98.49846363,N
VARIED THRUSH,COLLARED ARACARI,97.82088995,N
VARIED THRUSH,ROYAL FLYCATCHER,99.79957342,N
VICTORIA CROWNED PIGEON,CROW,70.84208131,N
WATTLED CURASSOW,BLACK VULTURE,99.98526573,N
WATTLED CURASSOW,BEARDED BARBET,89.13649321,N
WATTLED CURASSOW,INCA TERN,99.99998808,N
WHIMBREL,SHORT BILLED DOWITCHER,69.48227286,N
WHITE CHEEKED TURACO,RED BROWED FINCH,98.27955365,N
WHITE CHEEKED TURACO,TAKAHE,99.9964118,N
WHITE NECKED RAVEN,BLUE GROUSE,56.912148,N
WHITE NECKED RAVEN,CROW,99.10057783,N
WHITE NECKED RAVEN,RAZORBILL,52.56568193,N
WHITE NECKED RAVEN,CALIFORNIA CONDOR,81.36110306,N
WHITE TAILED TROPIC,COMMON HOUSE MARTIN,97.75796533,N
WHITE THROATED BEE EATER,BAY-BREASTED WARBLER,85.99995971,N
WOOD DUCK,VULTURINE GUINEAFOWL,99.88864064,N
YELLOW BELLIED FLOWERPECKER,BANANAQUIT,97.4914372,N
YELLOW HEADED BLACKBIRD,GOLDEN EAGLE,38.45576346,N
YELLOW HEADED BLACKBIRD,AMERICAN PIPIT,80.3199172,N
AFRICAN CROWNED CRANE,AFRICAN CROWNED CRANE,100,Y
AFRICAN CROWNED CRANE,AFRICAN CROWNED CRANE,100,Y
AFRICAN CROWNED CRANE,AFRICAN CROWNED CRANE,99.99159575,Y
AFRICAN CROWNED CRANE,AFRICAN CROWNED CRANE,100,Y
AFRICAN CROWNED CRANE,AFRICAN CROWNED CRANE,99.99263287,Y
AFRICAN FIREFINCH,AFRICAN FIREFINCH,99.9958992,Y
AFRICAN FIREFINCH,AFRICAN FIREFINCH,99.99921322,Y
ALBATROSS,ALBATROSS,99.86450076,Y
ALBATROSS,ALBATROSS,99.99953508,Y
ALEXANDRINE PARAKEET,ALEXANDRINE PARAKEET,100,Y
ALEXANDRINE PARAKEET,ALEXANDRINE PARAKEET,99.99985695,Y
ALEXANDRINE PARAKEET,ALEXANDRINE PARAKEET,99.08760786,Y
ALEXANDRINE PARAKEET,ALEXANDRINE PARAKEET,100,Y
AMERICAN AVOCET,AMERICAN AVOCET,100,Y
AMERICAN AVOCET,AMERICAN AVOCET,99.99985695,Y
AMERICAN AVOCET,AMERICAN AVOCET,100,Y
AMERICAN AVOCET,AMERICAN AVOCET,100,Y
AMERICAN BITTERN,AMERICAN BITTERN,96.345222,Y
AMERICAN BITTERN,AMERICAN BITTERN,50.04127026,Y
AMERICAN BITTERN,AMERICAN BITTERN,99.90730286,Y
AMERICAN BITTERN,AMERICAN BITTERN,67.34442115,Y
AMERICAN BITTERN,AMERICAN BITTERN,65.13363719,Y
AMERICAN COOT,AMERICAN COOT,100,Y
AMERICAN COOT,AMERICAN COOT,99.4017601,Y
AMERICAN COOT,AMERICAN COOT,99.97772574,Y
AMERICAN COOT,AMERICAN COOT,99.99980927,Y
AMERICAN GOLDFINCH,AMERICAN GOLDFINCH,99.99998808,Y
AMERICAN GOLDFINCH,AMERICAN GOLDFINCH,86.20043993,Y
AMERICAN GOLDFINCH,AMERICAN GOLDFINCH,100,Y
AMERICAN KESTREL,AMERICAN KESTREL,99.81268048,Y
AMERICAN KESTREL,AMERICAN KESTREL,94.07296777,Y
AMERICAN KESTREL,AMERICAN KESTREL,80.24709821,Y
AMERICAN PIPIT,AMERICAN PIPIT,97.30446339,Y
AMERICAN PIPIT,AMERICAN PIPIT,99.96458292,Y
AMERICAN PIPIT,AMERICAN PIPIT,99.99269247,Y
AMERICAN REDSTART,AMERICAN REDSTART,100,Y
AMERICAN REDSTART,AMERICAN REDSTART,100,Y
AMERICAN REDSTART,AMERICAN REDSTART,99.97449517,Y
ANHINGA,ANHINGA,99.98602867,Y
ANHINGA,ANHINGA,99.77987409,Y
ANHINGA,ANHINGA,99.99827147,Y
ANHINGA,ANHINGA,65.2210474,Y
ANNAS HUMMINGBIRD,ANNAS HUMMINGBIRD,100,Y
ANNAS HUMMINGBIRD,ANNAS HUMMINGBIRD,100,Y
ANNAS HUMMINGBIRD,ANNAS HUMMINGBIRD,100,Y
ANNAS HUMMINGBIRD,ANNAS HUMMINGBIRD,99.98031259,Y
ANNAS HUMMINGBIRD,ANNAS HUMMINGBIRD,100,Y
ANTBIRD,ANTBIRD,93.67019534,Y
ANTBIRD,ANTBIRD,99.9546349,Y
ANTBIRD,ANTBIRD,100,Y
ARARIPE MANAKIN,ARARIPE MANAKIN,100,Y
ARARIPE MANAKIN,ARARIPE MANAKIN,100,Y
ARARIPE MANAKIN,ARARIPE MANAKIN,100,Y
ARARIPE MANAKIN,ARARIPE MANAKIN,100,Y
ARARIPE MANAKIN,ARARIPE MANAKIN,100,Y
ASIAN CRESTED IBIS,ASIAN CRESTED IBIS,99.81138706,Y
ASIAN CRESTED IBIS,ASIAN CRESTED IBIS,99.38490987,Y
ASIAN CRESTED IBIS,ASIAN CRESTED IBIS,99.50726628,Y
ASIAN CRESTED IBIS,ASIAN CRESTED IBIS,99.94051456,Y
BALD EAGLE,BALD EAGLE,99.99997616,Y
BALD EAGLE,BALD EAGLE,100,Y
BALD EAGLE,BALD EAGLE,88.56576085,Y
BALD EAGLE,BALD EAGLE,99.99996424,Y
BALD IBIS,BALD IBIS,100,Y
BALD IBIS,BALD IBIS,85.14649272,Y
BALI STARLING,BALI STARLING,52.68550515,Y
BALI STARLING,BALI STARLING,71.49497271,Y
BALI STARLING,BALI STARLING,99.99158382,Y
BALI STARLING,BALI STARLING,100,Y
BALI STARLING,BALI STARLING,99.94992018,Y
BALTIMORE ORIOLE,BALTIMORE ORIOLE,73.18498492,Y
BALTIMORE ORIOLE,BALTIMORE ORIOLE,95.39798498,Y
BALTIMORE ORIOLE,BALTIMORE ORIOLE,100,Y
BALTIMORE ORIOLE,BALTIMORE ORIOLE,99.99907017,Y
BANANAQUIT,BANANAQUIT,99.99847412,Y
BANANAQUIT,BANANAQUIT,99.85560775,Y
BANANAQUIT,BANANAQUIT,62.87929416,Y
BANANAQUIT,BANANAQUIT,99.999547,Y
BANANAQUIT,BANANAQUIT,99.987185,Y
BANDED BROADBILL,BANDED BROADBILL,100,Y
BANDED BROADBILL,BANDED BROADBILL,100,Y
BANDED BROADBILL,BANDED BROADBILL,100,Y
BANDED BROADBILL,BANDED BROADBILL,99.99946356,Y
BANDED PITA,BANDED PITA,99.99995232,Y
BANDED PITA,BANDED PITA,100,Y
BANDED PITA,BANDED PITA,99.99996424,Y
BANDED PITA,BANDED PITA,100,Y
BANDED PITA,BANDED PITA,100,Y
BAR-TAILED GODWIT,BAR-TAILED GODWIT,99.99622107,Y
BAR-TAILED GODWIT,BAR-TAILED GODWIT,99.92384911,Y
BAR-TAILED GODWIT,BAR-TAILED GODWIT,50.5659163,Y
BARN OWL,BARN OWL,99.99996424,Y
BARN OWL,BARN OWL,100,Y
BARN OWL,BARN OWL,99.99880791,Y
BARN OWL,BARN OWL,100,Y
BARN SWALLOW,BARN SWALLOW,100,Y
BARN SWALLOW,BARN SWALLOW,100,Y
BARN SWALLOW,BARN SWALLOW,100,Y
BARN SWALLOW,BARN SWALLOW,99.9999404,Y
BARN SWALLOW,BARN SWALLOW,99.99570847,Y
BARRED PUFFBIRD,BARRED PUFFBIRD,99.99996424,Y
BARRED PUFFBIRD,BARRED PUFFBIRD,99.99997616,Y
BARRED PUFFBIRD,BARRED PUFFBIRD,99.98095632,Y
BARRED PUFFBIRD,BARRED PUFFBIRD,98.85258675,Y
BARRED PUFFBIRD,BARRED PUFFBIRD,99.99899864,Y
BAY-BREASTED WARBLER,BAY-BREASTED WARBLER,92.83491969,Y
BAY-BREASTED WARBLER,BAY-BREASTED WARBLER,91.51044488,Y
BAY-BREASTED WARBLER,BAY-BREASTED WARBLER,99.36420321,Y
BAY-BREASTED WARBLER,BAY-BREASTED WARBLER,99.9974966,Y
BAY-BREASTED WARBLER,BAY-BREASTED WARBLER,99.99960661,Y
BEARDED BARBET,BEARDED BARBET,100,Y
BEARDED BARBET,BEARDED BARBET,100,Y
BEARDED BELLBIRD,BEARDED BELLBIRD,100,Y
BEARDED BELLBIRD,BEARDED BELLBIRD,100,Y
BEARDED BELLBIRD,BEARDED BELLBIRD,100,Y
BEARDED BELLBIRD,BEARDED BELLBIRD,100,Y
BEARDED BELLBIRD,BEARDED BELLBIRD,100,Y
BEARDED REEDLING,BEARDED REEDLING,100,Y
BEARDED REEDLING,BEARDED REEDLING,99.89541769,Y
BEARDED REEDLING,BEARDED REEDLING,99.87204075,Y
BEARDED REEDLING,BEARDED REEDLING,99.99998808,Y
BEARDED REEDLING,BEARDED REEDLING,100,Y
BELTED KINGFISHER,BELTED KINGFISHER,100,Y
BELTED KINGFISHER,BELTED KINGFISHER,61.84933782,Y
BELTED KINGFISHER,BELTED KINGFISHER,94.62556243,Y
BIRD OF PARADISE,BIRD OF PARADISE,99.99991655,Y
BIRD OF PARADISE,BIRD OF PARADISE,99.14065599,Y
BLACK & YELLOW bROADBILL,BLACK & YELLOW bROADBILL,99.95465875,Y
BLACK & YELLOW bROADBILL,BLACK & YELLOW bROADBILL,100,Y
BLACK & YELLOW bROADBILL,BLACK & YELLOW bROADBILL,100,Y
BLACK & YELLOW bROADBILL,BLACK & YELLOW bROADBILL,100,Y
BLACK & YELLOW bROADBILL,BLACK & YELLOW bROADBILL,100,Y
BLACK FRANCOLIN,BLACK FRANCOLIN,99.99479055,Y
BLACK FRANCOLIN,BLACK FRANCOLIN,100,Y
BLACK FRANCOLIN,BLACK FRANCOLIN,99.99271631,Y
BLACK FRANCOLIN,BLACK FRANCOLIN,99.97393489,Y
BLACK SKIMMER,BLACK SKIMMER,99.98700619,Y
BLACK SKIMMER,BLACK SKIMMER,100,Y
BLACK SWAN,BLACK SWAN,100,Y
BLACK SWAN,BLACK SWAN,100,Y
BLACK SWAN,BLACK SWAN,100,Y
BLACK SWAN,BLACK SWAN,99.58341122,Y
BLACK TAIL CRAKE,BLACK TAIL CRAKE,100,Y
BLACK TAIL CRAKE,BLACK TAIL CRAKE,100,Y
BLACK TAIL CRAKE,BLACK TAIL CRAKE,100,Y
BLACK TAIL CRAKE,BLACK TAIL CRAKE,99.99995232,Y
BLACK THROATED BUSHTIT,BLACK THROATED BUSHTIT,100,Y
BLACK THROATED BUSHTIT,BLACK THROATED BUSHTIT,100,Y
BLACK THROATED BUSHTIT,BLACK THROATED BUSHTIT,100,Y
BLACK THROATED BUSHTIT,BLACK THROATED BUSHTIT,100,Y
BLACK THROATED BUSHTIT,BLACK THROATED BUSHTIT,98.33057523,Y
BLACK THROATED WARBLER,BLACK THROATED WARBLER,83.23787451,Y
BLACK THROATED WARBLER,BLACK THROATED WARBLER,99.44595098,Y
BLACK THROATED WARBLER,BLACK THROATED WARBLER,100,Y
BLACK THROATED WARBLER,BLACK THROATED WARBLER,99.50632453,Y
BLACK VULTURE,BLACK VULTURE,99.99997616,Y
BLACK VULTURE,BLACK VULTURE,100,Y
BLACK VULTURE,BLACK VULTURE,92.72895455,Y
BLACK-CAPPED CHICKADEE,BLACK-CAPPED CHICKADEE,99.99388456,Y
BLACK-CAPPED CHICKADEE,BLACK-CAPPED CHICKADEE,99.83478785,Y
BLACK-CAPPED CHICKADEE,BLACK-CAPPED CHICKADEE,99.99998808,Y
BLACK-CAPPED CHICKADEE,BLACK-CAPPED CHICKADEE,100,Y
BLACK-NECKED GREBE,BLACK-NECKED GREBE,100,Y
BLACK-NECKED GREBE,BLACK-NECKED GREBE,100,Y
BLACK-NECKED GREBE,BLACK-NECKED GREBE,100,Y
BLACK-NECKED GREBE,BLACK-NECKED GREBE,99.98942614,Y
BLACK-NECKED GREBE,BLACK-NECKED GREBE,99.9997139,Y
BLACK-THROATED SPARROW,BLACK-THROATED SPARROW,87.43366599,Y
BLACK-THROATED SPARROW,BLACK-THROATED SPARROW,100,Y
BLACK-THROATED SPARROW,BLACK-THROATED SPARROW,99.99974966,Y
BLACK-THROATED SPARROW,BLACK-THROATED SPARROW,95.55487633,Y
BLACK-THROATED SPARROW,BLACK-THROATED SPARROW,99.82512593,Y
BLACKBURNIAM WARBLER,BLACKBURNIAM WARBLER,99.99998808,Y
BLACKBURNIAM WARBLER,BLACKBURNIAM WARBLER,100,Y
BLACKBURNIAM WARBLER,BLACKBURNIAM WARBLER,87.6814425,Y
BLONDE CRESTED WOODPECKER,BLONDE CRESTED WOODPECKER,100,Y
BLONDE CRESTED WOODPECKER,BLONDE CRESTED WOODPECKER,100,Y
BLONDE CRESTED WOODPECKER,BLONDE CRESTED WOODPECKER,100,Y
BLONDE CRESTED WOODPECKER,BLONDE CRESTED WOODPECKER,99.98418093,Y
BLONDE CRESTED WOODPECKER,BLONDE CRESTED WOODPECKER,100,Y
BLUE GROUSE,BLUE GROUSE,100,Y
BLUE GROUSE,BLUE GROUSE,75.33211708,Y
BLUE GROUSE,BLUE GROUSE,48.94166887,Y
BLUE HERON,BLUE HERON,99.99010563,Y
BLUE HERON,BLUE HERON,99.99392033,Y
BLUE HERON,BLUE HERON,99.98313189,Y
BLUE HERON,BLUE HERON,41.96610451,Y
BOBOLINK,BOBOLINK,85.03534794,Y
BOBOLINK,BOBOLINK,86.91487908,Y
BORNEAN BRISTLEHEAD,BORNEAN BRISTLEHEAD,100,Y
BORNEAN BRISTLEHEAD,BORNEAN BRISTLEHEAD,99.9999404,Y
BORNEAN BRISTLEHEAD,BORNEAN BRISTLEHEAD,100,Y
BORNEAN BRISTLEHEAD,BORNEAN BRISTLEHEAD,100,Y
BORNEAN LEAFBIRD,BORNEAN LEAFBIRD,99.9861002,Y
BORNEAN PHEASANT,BORNEAN PHEASANT,99.99978542,Y
BORNEAN PHEASANT,BORNEAN PHEASANT,99.99991655,Y
BORNEAN PHEASANT,BORNEAN PHEASANT,99.99989271,Y
BROWN CREPPER,BROWN CREPPER,38.53644729,Y
BROWN CREPPER,BROWN CREPPER,99.99998808,Y
BROWN CREPPER,BROWN CREPPER,99.99996424,Y
BROWN CREPPER,BROWN CREPPER,96.72400355,Y
BROWN NOODY,BROWN NOODY,99.99873638,Y
BROWN NOODY,BROWN NOODY,99.99932051,Y
BROWN NOODY,BROWN NOODY,90.25498629,Y
BROWN NOODY,BROWN NOODY,99.99370575,Y
BROWN THRASHER,BROWN THRASHER,99.03669357,Y
BROWN THRASHER,BROWN THRASHER,99.99864101,Y
BROWN THRASHER,BROWN THRASHER,99.99767542,Y
BULWERS PHEASANT,BULWERS PHEASANT,100,Y
BULWERS PHEASANT,BULWERS PHEASANT,98.84517193,Y
BULWERS PHEASANT,BULWERS PHEASANT,100,Y
BULWERS PHEASANT,BULWERS PHEASANT,100,Y
BULWERS PHEASANT,BULWERS PHEASANT,100,Y
CACTUS WREN,CACTUS WREN,99.97058511,Y
CACTUS WREN,CACTUS WREN,99.99809265,Y
CACTUS WREN,CACTUS WREN,99.99990463,Y
CALIFORNIA CONDOR,CALIFORNIA CONDOR,99.99928474,Y
CALIFORNIA CONDOR,CALIFORNIA CONDOR,99.99996424,Y
CALIFORNIA CONDOR,CALIFORNIA CONDOR,98.18624854,Y
CALIFORNIA GULL,CALIFORNIA GULL,99.93163347,Y
CALIFORNIA GULL,CALIFORNIA GULL,99.99674559,Y
CALIFORNIA GULL,CALIFORNIA GULL,99.99918938,Y
CALIFORNIA QUAIL,CALIFORNIA QUAIL,99.9121964,Y
CALIFORNIA QUAIL,CALIFORNIA QUAIL,100,Y
CALIFORNIA QUAIL,CALIFORNIA QUAIL,100,Y
CALIFORNIA QUAIL,CALIFORNIA QUAIL,100,Y
CANARY,CANARY,94.33602095,Y
CANARY,CANARY,99.99911785,Y
CANARY,CANARY,100,Y
CAPE MAY WARBLER,CAPE MAY WARBLER,82.6315999,Y
CAPE MAY WARBLER,CAPE MAY WARBLER,100,Y
CAPE MAY WARBLER,CAPE MAY WARBLER,99.9984622,Y
CAPE MAY WARBLER,CAPE MAY WARBLER,99.99998808,Y
CAPE MAY WARBLER,CAPE MAY WARBLER,99.20052886,Y
CAPPED HERON,CAPPED HERON,100,Y
CAPPED HERON,CAPPED HERON,99.99973774,Y
CAPPED HERON,CAPPED HERON,100,Y
CAPPED HERON,CAPPED HERON,100,Y
CAPUCHINBIRD,CAPUCHINBIRD,100,Y
CAPUCHINBIRD,CAPUCHINBIRD,100,Y
CAPUCHINBIRD,CAPUCHINBIRD,67.31616259,Y
CAPUCHINBIRD,CAPUCHINBIRD,100,Y
CAPUCHINBIRD,CAPUCHINBIRD,99.99921322,Y
CARMINE BEE-EATER,CARMINE BEE-EATER,100,Y
CARMINE BEE-EATER,CARMINE BEE-EATER,80.52617908,Y
CARMINE BEE-EATER,CARMINE BEE-EATER,100,Y
CARMINE BEE-EATER,CARMINE BEE-EATER,100,Y
CASPIAN TERN,CASPIAN TERN,72.49039412,Y
CASPIAN TERN,CASPIAN TERN,100,Y
CASPIAN TERN,CASPIAN TERN,99.99953508,Y
CASPIAN TERN,CASPIAN TERN,100,Y
CASSOWARY,CASSOWARY,100,Y
CASSOWARY,CASSOWARY,99.9527812,Y
CASSOWARY,CASSOWARY,64.52118158,Y
CEDAR WAXWING,CEDAR WAXWING,100,Y
CEDAR WAXWING,CEDAR WAXWING,100,Y
CEDAR WAXWING,CEDAR WAXWING,100,Y
CEDAR WAXWING,CEDAR WAXWING,87.27115989,Y
CERULEAN WARBLER,CERULEAN WARBLER,100,Y
CERULEAN WARBLER,CERULEAN WARBLER,42.44570732,Y
CERULEAN WARBLER,CERULEAN WARBLER,65.0526464,Y
CERULEAN WARBLER,CERULEAN WARBLER,100,Y
CHARA DE COLLAR,CHARA DE COLLAR,98.93952012,Y
CHARA DE COLLAR,CHARA DE COLLAR,100,Y
CHARA DE COLLAR,CHARA DE COLLAR,99.76018071,Y
CHIPPING SPARROW,CHIPPING SPARROW,100,Y
CHIPPING SPARROW,CHIPPING SPARROW,100,Y
CHIPPING SPARROW,CHIPPING SPARROW,100,Y
CHIPPING SPARROW,CHIPPING SPARROW,99.99953508,Y
CHUKAR PARTRIDGE,CHUKAR PARTRIDGE,100,Y
CHUKAR PARTRIDGE,CHUKAR PARTRIDGE,93.77000928,Y
CHUKAR PARTRIDGE,CHUKAR PARTRIDGE,99.99995232,Y
CHUKAR PARTRIDGE,CHUKAR PARTRIDGE,100,Y
CHUKAR PARTRIDGE,CHUKAR PARTRIDGE,100,Y
CINNAMON TEAL,CINNAMON TEAL,100,Y
CINNAMON TEAL,CINNAMON TEAL,93.36881042,Y
CINNAMON TEAL,CINNAMON TEAL,99.99998808,Y
CINNAMON TEAL,CINNAMON TEAL,94.67753172,Y
CINNAMON TEAL,CINNAMON TEAL,99.99898672,Y
CLARKS NUTCRACKER,CLARKS NUTCRACKER,94.53699589,Y
CLARKS NUTCRACKER,CLARKS NUTCRACKER,99.71626401,Y
CLARKS NUTCRACKER,CLARKS NUTCRACKER,100,Y
CLARKS NUTCRACKER,CLARKS NUTCRACKER,99.92035031,Y
CLARKS NUTCRACKER,CLARKS NUTCRACKER,99.99996424,Y
COCK OF THE  ROCK,COCK OF THE  ROCK,100,Y
COCK OF THE  ROCK,COCK OF THE  ROCK,100,Y
COCK OF THE  ROCK,COCK OF THE  ROCK,100,Y
COCK OF THE  ROCK,COCK OF THE  ROCK,100,Y
COCKATOO,COCKATOO,98.62757921,Y
COCKATOO,COCKATOO,99.98051524,Y
COCKATOO,COCKATOO,99.9999404,Y
COCKATOO,COCKATOO,99.99986887,Y
COLLARED ARACARI,COLLARED ARACARI,100,Y
COLLARED ARACARI,COLLARED ARACARI,100,Y
COLLARED ARACARI,COLLARED ARACARI,100,Y
COLLARED ARACARI,COLLARED ARACARI,99.99996424,Y
COLLARED ARACARI,COLLARED ARACARI,97.86801338,Y
COMMON FIRECREST,COMMON FIRECREST,100,Y
COMMON FIRECREST,COMMON FIRECREST,100,Y
COMMON GRACKLE,COMMON GRACKLE,100,Y
COMMON GRACKLE,COMMON GRACKLE,99.99998808,Y
COMMON GRACKLE,COMMON GRACKLE,99.94120598,Y
COMMON GRACKLE,COMMON GRACKLE,54.93960977,Y
COMMON GRACKLE,COMMON GRACKLE,99.99690056,Y
COMMON HOUSE MARTIN,COMMON HOUSE MARTIN,96.80680633,Y
COMMON LOON,COMMON LOON,100,Y
COMMON LOON,COMMON LOON,99.99998808,Y
COMMON LOON,COMMON LOON,99.99986887,Y
COMMON POORWILL,COMMON POORWILL,99.99849796,Y
COMMON POORWILL,COMMON POORWILL,99.70021844,Y
COMMON POORWILL,COMMON POORWILL,99.99610186,Y
COMMON STARLING,COMMON STARLING,100,Y
COMMON STARLING,COMMON STARLING,99.99924898,Y
COMMON STARLING,COMMON STARLING,99.99980927,Y
COMMON STARLING,COMMON STARLING,99.99762774,Y
COMMON STARLING,COMMON STARLING,100,Y
COUCHS KINGBIRD,COUCHS KINGBIRD,98.12895656,Y
COUCHS KINGBIRD,COUCHS KINGBIRD,100,Y
COUCHS KINGBIRD,COUCHS KINGBIRD,100,Y
COUCHS KINGBIRD,COUCHS KINGBIRD,99.70725775,Y
CRESTED AUKLET,CRESTED AUKLET,99.85195994,Y
CRESTED AUKLET,CRESTED AUKLET,99.95594621,Y
CRESTED AUKLET,CRESTED AUKLET,99.99998808,Y
CRESTED CARACARA,CRESTED CARACARA,99.80862141,Y
CRESTED CARACARA,CRESTED CARACARA,100,Y
CRESTED CARACARA,CRESTED CARACARA,100,Y
CRESTED CARACARA,CRESTED CARACARA,87.02175021,Y
CRESTED CARACARA,CRESTED CARACARA,100,Y
CRESTED NUTHATCH,CRESTED NUTHATCH,93.51556301,Y
CRESTED NUTHATCH,CRESTED NUTHATCH,50.43510795,Y
CRESTED NUTHATCH,CRESTED NUTHATCH,99.99833107,Y
CRESTED NUTHATCH,CRESTED NUTHATCH,99.61037636,Y
CRIMSON SUNBIRD,CRIMSON SUNBIRD,100,Y
CRIMSON SUNBIRD,CRIMSON SUNBIRD,96.54611349,Y
CRIMSON SUNBIRD,CRIMSON SUNBIRD,97.1003294,Y
CRIMSON SUNBIRD,CRIMSON SUNBIRD,99.99997616,Y
CRIMSON SUNBIRD,CRIMSON SUNBIRD,100,Y
CROWNED PIGEON,CROWNED PIGEON,72.17041254,Y
CROWNED PIGEON,CROWNED PIGEON,99.98373985,Y
CROWNED PIGEON,CROWNED PIGEON,63.91183734,Y
CROW,CROW,99.99644756,Y
CROW,CROW,98.1877327,Y
CUBAN TODY,CUBAN TODY,100,Y
CUBAN TODY,CUBAN TODY,100,Y
CUBAN TODY,CUBAN TODY,100,Y
CUBAN TODY,CUBAN TODY,100,Y
CUBAN TODY,CUBAN TODY,100,Y
CUBAN TROGON,CUBAN TROGON,100,Y
CUBAN TROGON,CUBAN TROGON,99.99488592,Y
CUBAN TROGON,CUBAN TROGON,100,Y
CUBAN TROGON,CUBAN TROGON,100,Y
CUBAN TROGON,CUBAN TROGON,99.99998808,Y
CURL CRESTED ARACURI,CURL CRESTED ARACURI,100,Y
CURL CRESTED ARACURI,CURL CRESTED ARACURI,81.23063445,Y
CURL CRESTED ARACURI,CURL CRESTED ARACURI,100,Y
CURL CRESTED ARACURI,CURL CRESTED ARACURI,99.85601306,Y
CURL CRESTED ARACURI,CURL CRESTED ARACURI,99.97062087,Y
D-ARNAUDS BARBET,D-ARNAUDS BARBET,99.99996424,Y
D-ARNAUDS BARBET,D-ARNAUDS BARBET,96.61675692,Y
D-ARNAUDS BARBET,D-ARNAUDS BARBET,99.99998808,Y
D-ARNAUDS BARBET,D-ARNAUDS BARBET,99.99922514,Y
DARK EYED JUNCO,DARK EYED JUNCO,95.19137144,Y
DARK EYED JUNCO,DARK EYED JUNCO,72.81960249,Y
DARK EYED JUNCO,DARK EYED JUNCO,100,Y
DOUBLE BARRED FINCH,DOUBLE BARRED FINCH,99.99990463,Y
DOUBLE BARRED FINCH,DOUBLE BARRED FINCH,100,Y
DOUBLE BARRED FINCH,DOUBLE BARRED FINCH,94.45479512,Y
DOUBLE BARRED FINCH,DOUBLE BARRED FINCH,99.99982119,Y
DOUBLE BARRED FINCH,DOUBLE BARRED FINCH,99.99983311,Y
DOUBLE BRESTED CORMARANT,DOUBLE BRESTED CORMARANT,99.79670644,Y
DOUBLE BRESTED CORMARANT,DOUBLE BRESTED CORMARANT,99.99990463,Y
DOUBLE BRESTED CORMARANT,DOUBLE BRESTED CORMARANT,91.69405103,Y
DOUBLE BRESTED CORMARANT,DOUBLE BRESTED CORMARANT,98.91424775,Y
DOWNY WOODPECKER,DOWNY WOODPECKER,99.99996424,Y
DOWNY WOODPECKER,DOWNY WOODPECKER,99.96716976,Y
DOWNY WOODPECKER,DOWNY WOODPECKER,100,Y
EASTERN BLUEBIRD,EASTERN BLUEBIRD,99.99815226,Y
EASTERN BLUEBIRD,EASTERN BLUEBIRD,100,Y
EASTERN BLUEBIRD,EASTERN BLUEBIRD,100,Y
EASTERN BLUEBIRD,EASTERN BLUEBIRD,100,Y
EASTERN MEADOWLARK,EASTERN MEADOWLARK,100,Y
EASTERN MEADOWLARK,EASTERN MEADOWLARK,99.99953508,Y
EASTERN MEADOWLARK,EASTERN MEADOWLARK,100,Y
EASTERN MEADOWLARK,EASTERN MEADOWLARK,100,Y
EASTERN MEADOWLARK,EASTERN MEADOWLARK,99.99989271,Y
EASTERN ROSELLA,EASTERN ROSELLA,100,Y
EASTERN ROSELLA,EASTERN ROSELLA,100,Y
EASTERN ROSELLA,EASTERN ROSELLA,100,Y
EASTERN TOWEE,EASTERN TOWEE,95.23940682,Y
EASTERN TOWEE,EASTERN TOWEE,99.98247027,Y
EASTERN TOWEE,EASTERN TOWEE,90.01370668,Y
EASTERN TOWEE,EASTERN TOWEE,99.99979734,Y
EASTERN TOWEE,EASTERN TOWEE,99.999547,Y
ELEGANT TROGON,ELEGANT TROGON,64.80579972,Y
ELEGANT TROGON,ELEGANT TROGON,100,Y
ELEGANT TROGON,ELEGANT TROGON,100,Y
ELEGANT TROGON,ELEGANT TROGON,100,Y
ELLIOTS  PHEASANT,ELLIOTS  PHEASANT,99.99946356,Y
ELLIOTS  PHEASANT,ELLIOTS  PHEASANT,100,Y
ELLIOTS  PHEASANT,ELLIOTS  PHEASANT,91.64669514,Y
EMPEROR PENGUIN,EMPEROR PENGUIN,100,Y
EMPEROR PENGUIN,EMPEROR PENGUIN,99.99998808,Y
EMPEROR PENGUIN,EMPEROR PENGUIN,100,Y
EMPEROR PENGUIN,EMPEROR PENGUIN,100,Y
EMPEROR PENGUIN,EMPEROR PENGUIN,100,Y
EMU,EMU,99.86030459,Y
EMU,EMU,99.90859032,Y
EMU,EMU,99.98637438,Y
EMU,EMU,99.66276288,Y
ENGGANO MYNA,ENGGANO MYNA,100,Y
ENGGANO MYNA,ENGGANO MYNA,100,Y
ENGGANO MYNA,ENGGANO MYNA,100,Y
ENGGANO MYNA,ENGGANO MYNA,100,Y
ENGGANO MYNA,ENGGANO MYNA,100,Y
EURASIAN GOLDEN ORIOLE,EURASIAN GOLDEN ORIOLE,100,Y
EURASIAN GOLDEN ORIOLE,EURASIAN GOLDEN ORIOLE,100,Y
EURASIAN GOLDEN ORIOLE,EURASIAN GOLDEN ORIOLE,100,Y
EURASIAN GOLDEN ORIOLE,EURASIAN GOLDEN ORIOLE,99.9891758,Y
EURASIAN GOLDEN ORIOLE,EURASIAN GOLDEN ORIOLE,100,Y
EURASIAN MAGPIE,EURASIAN MAGPIE,99.9432385,Y
EURASIAN MAGPIE,EURASIAN MAGPIE,100,Y
EURASIAN MAGPIE,EURASIAN MAGPIE,99.99996424,Y
EURASIAN MAGPIE,EURASIAN MAGPIE,96.58485651,Y
EURASIAN MAGPIE,EURASIAN MAGPIE,99.9997735,Y
EVENING GROSBEAK,EVENING GROSBEAK,99.8331368,Y
EVENING GROSBEAK,EVENING GROSBEAK,100,Y
EVENING GROSBEAK,EVENING GROSBEAK,100,Y
FAIRY BLUEBIRD,FAIRY BLUEBIRD,99.99967813,Y
FAIRY BLUEBIRD,FAIRY BLUEBIRD,99.99998808,Y
FAIRY BLUEBIRD,FAIRY BLUEBIRD,100,Y
FAIRY BLUEBIRD,FAIRY BLUEBIRD,99.94345307,Y
FAIRY BLUEBIRD,FAIRY BLUEBIRD,100,Y
FIRE TAILLED MYZORNIS,FIRE TAILLED MYZORNIS,100,Y
FIRE TAILLED MYZORNIS,FIRE TAILLED MYZORNIS,100,Y
FIRE TAILLED MYZORNIS,FIRE TAILLED MYZORNIS,100,Y
FIRE TAILLED MYZORNIS,FIRE TAILLED MYZORNIS,100,Y
FLAME TANAGER,FLAME TANAGER,99.99990463,Y
FLAME TANAGER,FLAME TANAGER,99.99804497,Y
FLAME TANAGER,FLAME TANAGER,99.47485328,Y
FLAMINGO,FLAMINGO,99.99576807,Y
FLAMINGO,FLAMINGO,100,Y
FLAMINGO,FLAMINGO,99.99939203,Y
FLAMINGO,FLAMINGO,100,Y
FRIGATE,FRIGATE,95.40231228,Y
FRIGATE,FRIGATE,99.99997616,Y
FRIGATE,FRIGATE,99.99773502,Y
FRIGATE,FRIGATE,99.70095158,Y
FRIGATE,FRIGATE,99.94841814,Y
GAMBELS QUAIL,GAMBELS QUAIL,100,Y
GAMBELS QUAIL,GAMBELS QUAIL,99.99996424,Y
GAMBELS QUAIL,GAMBELS QUAIL,100,Y
GAMBELS QUAIL,GAMBELS QUAIL,100,Y
GANG GANG COCKATOO,GANG GANG COCKATOO,91.57592058,Y
GANG GANG COCKATOO,GANG GANG COCKATOO,99.99762774,Y
GANG GANG COCKATOO,GANG GANG COCKATOO,99.99577999,Y
GILA WOODPECKER,GILA WOODPECKER,100,Y
GILA WOODPECKER,GILA WOODPECKER,99.80667233,Y
GILA WOODPECKER,GILA WOODPECKER,100,Y
GILA WOODPECKER,GILA WOODPECKER,99.92576241,Y
GILDED FLICKER,GILDED FLICKER,99.96657372,Y
GILDED FLICKER,GILDED FLICKER,92.59861112,Y
GILDED FLICKER,GILDED FLICKER,98.396945,Y
GILDED FLICKER,GILDED FLICKER,62.26296425,Y
GLOSSY IBIS,GLOSSY IBIS,100,Y
GLOSSY IBIS,GLOSSY IBIS,77.74808407,Y
GLOSSY IBIS,GLOSSY IBIS,96.24284506,Y
GLOSSY IBIS,GLOSSY IBIS,73.40244651,Y
GO AWAY BIRD,GO AWAY BIRD,92.74260998,Y
GO AWAY BIRD,GO AWAY BIRD,100,Y
GO AWAY BIRD,GO AWAY BIRD,94.65546012,Y
GO AWAY BIRD,GO AWAY BIRD,75.42655468,Y
GOLD WING WARBLER,GOLD WING WARBLER,99.99938011,Y
GOLD WING WARBLER,GOLD WING WARBLER,99.9768436,Y
GOLD WING WARBLER,GOLD WING WARBLER,100,Y
GOLD WING WARBLER,GOLD WING WARBLER,99.99991655,Y
GOLDEN CHEEKED WARBLER,GOLDEN CHEEKED WARBLER,99.92645383,Y
GOLDEN CHEEKED WARBLER,GOLDEN CHEEKED WARBLER,99.99845028,Y
GOLDEN CHEEKED WARBLER,GOLDEN CHEEKED WARBLER,100,Y
GOLDEN CHEEKED WARBLER,GOLDEN CHEEKED WARBLER,99.99998808,Y
GOLDEN CHEEKED WARBLER,GOLDEN CHEEKED WARBLER,99.99955893,Y
GOLDEN CHLOROPHONIA,GOLDEN CHLOROPHONIA,99.9987483,Y
GOLDEN CHLOROPHONIA,GOLDEN CHLOROPHONIA,92.61606336,Y
GOLDEN CHLOROPHONIA,GOLDEN CHLOROPHONIA,100,Y
GOLDEN CHLOROPHONIA,GOLDEN CHLOROPHONIA,99.9999404,Y
GOLDEN CHLOROPHONIA,GOLDEN CHLOROPHONIA,100,Y
GOLDEN EAGLE,GOLDEN EAGLE,99.99997616,Y
GOLDEN EAGLE,GOLDEN EAGLE,40.49408138,Y
GOLDEN PHEASANT,GOLDEN PHEASANT,99.99985695,Y
GOLDEN PHEASANT,GOLDEN PHEASANT,97.07147479,Y
GOLDEN PHEASANT,GOLDEN PHEASANT,52.60208249,Y
GOLDEN PHEASANT,GOLDEN PHEASANT,100,Y
GOLDEN PIPIT,GOLDEN PIPIT,100,Y
GOLDEN PIPIT,GOLDEN PIPIT,100,Y
GOLDEN PIPIT,GOLDEN PIPIT,100,Y
GOLDEN PIPIT,GOLDEN PIPIT,99.99917746,Y
GOLDEN PIPIT,GOLDEN PIPIT,100,Y
GOULDIAN FINCH,GOULDIAN FINCH,99.99957085,Y
GOULDIAN FINCH,GOULDIAN FINCH,99.97465014,Y
GOULDIAN FINCH,GOULDIAN FINCH,100,Y
GOULDIAN FINCH,GOULDIAN FINCH,100,Y
GOULDIAN FINCH,GOULDIAN FINCH,100,Y
GRAY CATBIRD,GRAY CATBIRD,100,Y
GRAY CATBIRD,GRAY CATBIRD,75.3957212,Y
GRAY CATBIRD,GRAY CATBIRD,99.9999404,Y
GRAY CATBIRD,GRAY CATBIRD,99.99709129,Y
GRAY PARTRIDGE,GRAY PARTRIDGE,99.99604225,Y
GRAY PARTRIDGE,GRAY PARTRIDGE,99.58510399,Y
GRAY PARTRIDGE,GRAY PARTRIDGE,97.85234928,Y
GRAY PARTRIDGE,GRAY PARTRIDGE,99.72704053,Y
GREATOR SAGE GROUSE,GREATOR SAGE GROUSE,100,Y
GREATOR SAGE GROUSE,GREATOR SAGE GROUSE,99.92775321,Y
GREATOR SAGE GROUSE,GREATOR SAGE GROUSE,99.826473,Y
GREATOR SAGE GROUSE,GREATOR SAGE GROUSE,99.99997616,Y
GREATOR SAGE GROUSE,GREATOR SAGE GROUSE,99.81246591,Y
GREEN BROADBILL,GREEN BROADBILL,100,Y
GREEN BROADBILL,GREEN BROADBILL,100,Y
GREEN BROADBILL,GREEN BROADBILL,100,Y
GREEN BROADBILL,GREEN BROADBILL,100,Y
GREEN BROADBILL,GREEN BROADBILL,100,Y
GREEN JAY,GREEN JAY,100,Y
GREEN JAY,GREEN JAY,99.99984503,Y
GREEN JAY,GREEN JAY,99.99961853,Y
GREEN JAY,GREEN JAY,99.99307394,Y
GREEN MAGPIE,GREEN MAGPIE,100,Y
GREEN MAGPIE,GREEN MAGPIE,99.99870062,Y
GREEN MAGPIE,GREEN MAGPIE,100,Y
GREEN MAGPIE,GREEN MAGPIE,100,Y
GREEN MAGPIE,GREEN MAGPIE,99.9868989,Y
GREY PLOVER,GREY PLOVER,99.99995232,Y
GREY PLOVER,GREY PLOVER,99.96649027,Y
GREY PLOVER,GREY PLOVER,52.54585147,Y
GREY PLOVER,GREY PLOVER,100,Y
GREY PLOVER,GREY PLOVER,99.99907017,Y
GUINEA TURACO,GUINEA TURACO,99.99016523,Y
GUINEA TURACO,GUINEA TURACO,100,Y
GUINEA TURACO,GUINEA TURACO,100,Y
GUINEA TURACO,GUINEA TURACO,64.91972208,Y
GUINEA TURACO,GUINEA TURACO,100,Y
GUINEAFOWL,GUINEAFOWL,100,Y
GUINEAFOWL,GUINEAFOWL,99.48280454,Y
GUINEAFOWL,GUINEAFOWL,100,Y
GUINEAFOWL,GUINEAFOWL,100,Y
GYRFALCON,GYRFALCON,96.2239325,Y
GYRFALCON,GYRFALCON,62.19769716,Y
GYRFALCON,GYRFALCON,99.99455214,Y
GYRFALCON,GYRFALCON,92.14706421,Y
HARPY EAGLE,HARPY EAGLE,98.16624522,Y
HARPY EAGLE,HARPY EAGLE,99.99551773,Y
HARPY EAGLE,HARPY EAGLE,85.54711342,Y
HAWAIIAN GOOSE,HAWAIIAN GOOSE,99.66776371,Y
HAWAIIAN GOOSE,HAWAIIAN GOOSE,99.99998808,Y
HAWAIIAN GOOSE,HAWAIIAN GOOSE,99.82004166,Y
HAWAIIAN GOOSE,HAWAIIAN GOOSE,99.99965429,Y
HELMET VANGA,HELMET VANGA,99.99958277,Y
HELMET VANGA,HELMET VANGA,100,Y
HELMET VANGA,HELMET VANGA,100,Y
HELMET VANGA,HELMET VANGA,100,Y
HELMET VANGA,HELMET VANGA,98.74596596,Y
HIMALAYAN MONAL,HIMALAYAN MONAL,100,Y
HIMALAYAN MONAL,HIMALAYAN MONAL,98.78035784,Y
HIMALAYAN MONAL,HIMALAYAN MONAL,100,Y
HIMALAYAN MONAL,HIMALAYAN MONAL,100,Y
HIMALAYAN MONAL,HIMALAYAN MONAL,100,Y
HOATZIN,HOATZIN,100,Y
HOATZIN,HOATZIN,99.96860027,Y
HOODED MERGANSER,HOODED MERGANSER,100,Y
HOODED MERGANSER,HOODED MERGANSER,100,Y
HOODED MERGANSER,HOODED MERGANSER,100,Y
HOODED MERGANSER,HOODED MERGANSER,100,Y
HOOPOES,HOOPOES,99.99990463,Y
HOOPOES,HOOPOES,100,Y
HOOPOES,HOOPOES,99.99856949,Y
HOOPOES,HOOPOES,99.99527931,Y
HORNBILL,HORNBILL,99.99076128,Y
HORNBILL,HORNBILL,99.99983311,Y
HORNBILL,HORNBILL,100,Y
HORNED GUAN,HORNED GUAN,92.99507737,Y
HORNED GUAN,HORNED GUAN,100,Y
HORNED GUAN,HORNED GUAN,99.98897314,Y
HORNED LARK,HORNED LARK,100,Y
HORNED LARK,HORNED LARK,99.99674559,Y
HORNED LARK,HORNED LARK,99.97159839,Y
HORNED SUNGEM,HORNED SUNGEM,100,Y
HORNED SUNGEM,HORNED SUNGEM,100,Y
HORNED SUNGEM,HORNED SUNGEM,100,Y
HORNED SUNGEM,HORNED SUNGEM,100,Y
HORNED SUNGEM,HORNED SUNGEM,100,Y
HOUSE FINCH,HOUSE FINCH,99.99815226,Y
HOUSE FINCH,HOUSE FINCH,97.90037274,Y
HOUSE FINCH,HOUSE FINCH,99.84858632,Y
HOUSE SPARROW,HOUSE SPARROW,99.99953508,Y
HOUSE SPARROW,HOUSE SPARROW,99.99719858,Y
HOUSE SPARROW,HOUSE SPARROW,97.35185504,Y
HOUSE SPARROW,HOUSE SPARROW,99.999547,Y
HOUSE SPARROW,HOUSE SPARROW,99.95331764,Y
IMPERIAL SHAQ,IMPERIAL SHAQ,83.4318161,Y
IMPERIAL SHAQ,IMPERIAL SHAQ,89.51562643,Y
INCA TERN,INCA TERN,99.99117851,Y
INCA TERN,INCA TERN,99.99978542,Y
INCA TERN,INCA TERN,100,Y
INCA TERN,INCA TERN,100,Y
INCA TERN,INCA TERN,100,Y
INDIAN BUSTARD,INDIAN BUSTARD,99.99884367,Y
INDIAN BUSTARD,INDIAN BUSTARD,96.58668041,Y
INDIAN BUSTARD,INDIAN BUSTARD,100,Y
INDIAN BUSTARD,INDIAN BUSTARD,99.99130964,Y
INDIAN PITTA,INDIAN PITTA,100,Y
INDIAN PITTA,INDIAN PITTA,100,Y
INDIAN PITTA,INDIAN PITTA,98.75693917,Y
INDIAN PITTA,INDIAN PITTA,100,Y
INDIAN PITTA,INDIAN PITTA,100,Y
INDIGO BUNTING,INDIGO BUNTING,100,Y
INDIGO BUNTING,INDIGO BUNTING,96.47992253,Y
INDIGO BUNTING,INDIGO BUNTING,100,Y
INDIGO BUNTING,INDIGO BUNTING,99.73170161,Y
JABIRU,JABIRU,99.99777079,Y
JABIRU,JABIRU,100,Y
JABIRU,JABIRU,99.85026121,Y
JABIRU,JABIRU,99.99290705,Y
JABIRU,JABIRU,100,Y
JAVA SPARROW,JAVA SPARROW,98.75739217,Y
JAVA SPARROW,JAVA SPARROW,100,Y
JAVA SPARROW,JAVA SPARROW,100,Y
JAVA SPARROW,JAVA SPARROW,100,Y
KAGU,KAGU,100,Y
KAGU,KAGU,99.9969244,Y
KAGU,KAGU,99.83072281,Y
KAGU,KAGU,99.86453652,Y
KAKAPO,KAKAPO,99.99974966,Y
KAKAPO,KAKAPO,99.97407794,Y
KAKAPO,KAKAPO,100,Y
KAKAPO,KAKAPO,99.99668598,Y
KAKAPO,KAKAPO,89.85489011,Y
KILLDEAR,KILLDEAR,99.99936819,Y
KILLDEAR,KILLDEAR,99.99896288,Y
KILLDEAR,KILLDEAR,99.99779463,Y
KING VULTURE,KING VULTURE,99.98878241,Y
KING VULTURE,KING VULTURE,100,Y
KING VULTURE,KING VULTURE,99.98475313,Y
KING VULTURE,KING VULTURE,100,Y
KIWI,KIWI,100,Y
KIWI,KIWI,100,Y
KIWI,KIWI,100,Y
KIWI,KIWI,99.9242425,Y
KOOKABURRA,KOOKABURRA,99.85697269,Y
KOOKABURRA,KOOKABURRA,100,Y
KOOKABURRA,KOOKABURRA,99.14189577,Y
KOOKABURRA,KOOKABURRA,99.15691018,Y
LARK BUNTING,LARK BUNTING,99.36542511,Y
LARK BUNTING,LARK BUNTING,95.80515027,Y
LARK BUNTING,LARK BUNTING,100,Y
LARK BUNTING,LARK BUNTING,99.99991655,Y
LARK BUNTING,LARK BUNTING,100,Y
LEARS MACAW,LEARS MACAW,99.5847404,Y
LEARS MACAW,LEARS MACAW,99.78165627,Y
LEARS MACAW,LEARS MACAW,100,Y
LEARS MACAW,LEARS MACAW,100,Y
LILAC ROLLER,LILAC ROLLER,100,Y
LILAC ROLLER,LILAC ROLLER,99.9999404,Y
LILAC ROLLER,LILAC ROLLER,88.91384006,Y
LILAC ROLLER,LILAC ROLLER,99.99996424,Y
LONG-EARED OWL,LONG-EARED OWL,98.61204028,Y
LONG-EARED OWL,LONG-EARED OWL,89.85129595,Y
LONG-EARED OWL,LONG-EARED OWL,98.62321019,Y
MAGPIE GOOSE,MAGPIE GOOSE,99.99675751,Y
MAGPIE GOOSE,MAGPIE GOOSE,99.99997616,Y
MAGPIE GOOSE,MAGPIE GOOSE,100,Y
MALABAR HORNBILL,MALABAR HORNBILL,81.02455139,Y
MALABAR HORNBILL,MALABAR HORNBILL,99.98859167,Y
MALABAR HORNBILL,MALABAR HORNBILL,97.38447666,Y
MALACHITE KINGFISHER,MALACHITE KINGFISHER,100,Y
MALACHITE KINGFISHER,MALACHITE KINGFISHER,100,Y
MALACHITE KINGFISHER,MALACHITE KINGFISHER,100,Y
MALACHITE KINGFISHER,MALACHITE KINGFISHER,99.91126657,Y
MALAGASY WHITE EYE,MALAGASY WHITE EYE,49.89854395,Y
MALAGASY WHITE EYE,MALAGASY WHITE EYE,99.96585846,Y
MALAGASY WHITE EYE,MALAGASY WHITE EYE,100,Y
MALAGASY WHITE EYE,MALAGASY WHITE EYE,97.19929099,Y
MALAGASY WHITE EYE,MALAGASY WHITE EYE,91.02340937,Y
MALEO,MALEO,99.87367988,Y
MALEO,MALEO,99.99912977,Y
MALEO,MALEO,81.92244172,Y
MALEO,MALEO,100,Y
MALLARD DUCK,MALLARD DUCK,100,Y
MALLARD DUCK,MALLARD DUCK,99.59999323,Y
MALLARD DUCK,MALLARD DUCK,100,Y
MALLARD DUCK,MALLARD DUCK,100,Y
MANDRIN DUCK,MANDRIN DUCK,100,Y
MANDRIN DUCK,MANDRIN DUCK,81.42462373,Y
MANDRIN DUCK,MANDRIN DUCK,100,Y
MANDRIN DUCK,MANDRIN DUCK,100,Y
MANDRIN DUCK,MANDRIN DUCK,100,Y
MARABOU STORK,MARABOU STORK,94.6395576,Y
MARABOU STORK,MARABOU STORK,99.94568229,Y
MARABOU STORK,MARABOU STORK,100,Y
MASKED BOOBY,MASKED BOOBY,88.477844,Y
MASKED BOOBY,MASKED BOOBY,98.95476103,Y
MASKED LAPWING,MASKED LAPWING,99.99943972,Y
MASKED LAPWING,MASKED LAPWING,99.83158112,Y
MASKED LAPWING,MASKED LAPWING,99.16909933,Y
MIKADO  PHEASANT,MIKADO  PHEASANT,100,Y
MIKADO  PHEASANT,MIKADO  PHEASANT,99.99537468,Y
MOURNING DOVE,MOURNING DOVE,80.47965169,Y
MOURNING DOVE,MOURNING DOVE,65.14586806,Y
MOURNING DOVE,MOURNING DOVE,99.99462366,Y
MYNA,MYNA,99.99998808,Y
MYNA,MYNA,99.56690073,Y
MYNA,MYNA,75.38759708,Y
MYNA,MYNA,100,Y
MYNA,MYNA,100,Y
NICOBAR PIGEON,NICOBAR PIGEON,99.99990463,Y
NICOBAR PIGEON,NICOBAR PIGEON,100,Y
NICOBAR PIGEON,NICOBAR PIGEON,100,Y
NOISY FRIARBIRD,NOISY FRIARBIRD,78.72382998,Y
NORTHERN BALD IBIS,NORTHERN BALD IBIS,99.99642372,Y
NORTHERN BALD IBIS,NORTHERN BALD IBIS,81.7442596,Y
NORTHERN CARDINAL,NORTHERN CARDINAL,99.60796237,Y
NORTHERN FLICKER,NORTHERN FLICKER,100,Y
NORTHERN FLICKER,NORTHERN FLICKER,99.99998808,Y
NORTHERN FLICKER,NORTHERN FLICKER,100,Y
NORTHERN FLICKER,NORTHERN FLICKER,99.93667006,Y
NORTHERN GANNET,NORTHERN GANNET,98.30727577,Y
NORTHERN GANNET,NORTHERN GANNET,95.39676905,Y
NORTHERN GANNET,NORTHERN GANNET,99.64781404,Y
NORTHERN GOSHAWK,NORTHERN GOSHAWK,98.84046316,Y
NORTHERN JACANA,NORTHERN JACANA,100,Y
NORTHERN JACANA,NORTHERN JACANA,100,Y
NORTHERN JACANA,NORTHERN JACANA,100,Y
NORTHERN JACANA,NORTHERN JACANA,99.99992847,Y
NORTHERN JACANA,NORTHERN JACANA,72.72958159,Y
NORTHERN PARULA,NORTHERN PARULA,100,Y
NORTHERN PARULA,NORTHERN PARULA,99.99933243,Y
NORTHERN PARULA,NORTHERN PARULA,100,Y
NORTHERN PARULA,NORTHERN PARULA,100,Y
NORTHERN PARULA,NORTHERN PARULA,100,Y
NORTHERN RED BISHOP,NORTHERN RED BISHOP,100,Y
NORTHERN RED BISHOP,NORTHERN RED BISHOP,100,Y
NORTHERN RED BISHOP,NORTHERN RED BISHOP,100,Y
NORTHERN RED BISHOP,NORTHERN RED BISHOP,100,Y
NORTHERN SHOVELER,NORTHERN SHOVELER,99.99997616,Y
NORTHERN SHOVELER,NORTHERN SHOVELER,100,Y
NORTHERN SHOVELER,NORTHERN SHOVELER,100,Y
NORTHERN SHOVELER,NORTHERN SHOVELER,99.99998808,Y
OCELLATED TURKEY,OCELLATED TURKEY,99.99989271,Y
OCELLATED TURKEY,OCELLATED TURKEY,100,Y
OKINAWA RAIL,OKINAWA RAIL,100,Y
OKINAWA RAIL,OKINAWA RAIL,99.90180731,Y
ORANGE BRESTED BUNTING,ORANGE BRESTED BUNTING,99.99963045,Y
ORANGE BRESTED BUNTING,ORANGE BRESTED BUNTING,100,Y
ORANGE BRESTED BUNTING,ORANGE BRESTED BUNTING,100,Y
ORANGE BRESTED BUNTING,ORANGE BRESTED BUNTING,99.99985695,Y
ORANGE BRESTED BUNTING,ORANGE BRESTED BUNTING,98.7693131,Y
OSPREY,OSPREY,90.5611515,Y
OSTRICH,OSTRICH,99.9787271,Y
OSTRICH,OSTRICH,100,Y
OSTRICH,OSTRICH,100,Y
OSTRICH,OSTRICH,100,Y
OSTRICH,OSTRICH,100,Y
OVENBIRD,OVENBIRD,98.87210727,Y
OVENBIRD,OVENBIRD,91.78096652,Y
OVENBIRD,OVENBIRD,87.86799312,Y
OVENBIRD,OVENBIRD,53.28757763,Y
OVENBIRD,OVENBIRD,99.90041852,Y
OYSTER CATCHER,OYSTER CATCHER,100,Y
OYSTER CATCHER,OYSTER CATCHER,100,Y
OYSTER CATCHER,OYSTER CATCHER,100,Y
OYSTER CATCHER,OYSTER CATCHER,100,Y
PAINTED BUNTIG,PAINTED BUNTIG,100,Y
PAINTED BUNTIG,PAINTED BUNTIG,100,Y
PAINTED BUNTIG,PAINTED BUNTIG,99.99997616,Y
PAINTED BUNTIG,PAINTED BUNTIG,100,Y
PAINTED BUNTIG,PAINTED BUNTIG,100,Y
PALILA,PALILA,99.99855757,Y
PALILA,PALILA,93.99877787,Y
PALILA,PALILA,100,Y
PALILA,PALILA,99.99834299,Y
PARADISE TANAGER,PARADISE TANAGER,100,Y
PARADISE TANAGER,PARADISE TANAGER,99.88571405,Y
PARADISE TANAGER,PARADISE TANAGER,99.99653101,Y
PARADISE TANAGER,PARADISE TANAGER,99.99997616,Y
PARAKETT  AKULET,PARAKETT  AKULET,100,Y
PARAKETT  AKULET,PARAKETT  AKULET,99.99996424,Y
PARAKETT  AKULET,PARAKETT  AKULET,99.99998808,Y
PARAKETT  AKULET,PARAKETT  AKULET,99.99991655,Y
PARUS MAJOR,PARUS MAJOR,87.62170076,Y
PARUS MAJOR,PARUS MAJOR,99.67909455,Y
PARUS MAJOR,PARUS MAJOR,100,Y
PARUS MAJOR,PARUS MAJOR,100,Y
PEACOCK,PEACOCK,100,Y
PEACOCK,PEACOCK,99.9994874,Y
PEACOCK,PEACOCK,68.27047467,Y
PEACOCK,PEACOCK,100,Y
PELICAN,PELICAN,95.33157945,Y
PELICAN,PELICAN,100,Y
PEREGRINE FALCON,PEREGRINE FALCON,97.81743288,Y
PEREGRINE FALCON,PEREGRINE FALCON,95.75975537,Y
PHILIPPINE EAGLE,PHILIPPINE EAGLE,99.21894073,Y
PHILIPPINE EAGLE,PHILIPPINE EAGLE,77.87482142,Y
PHILIPPINE EAGLE,PHILIPPINE EAGLE,100,Y
PHILIPPINE EAGLE,PHILIPPINE EAGLE,99.99992847,Y
PHILIPPINE EAGLE,PHILIPPINE EAGLE,99.9997735,Y
PINK ROBIN,PINK ROBIN,100,Y
PINK ROBIN,PINK ROBIN,100,Y
PINK ROBIN,PINK ROBIN,100,Y
PINK ROBIN,PINK ROBIN,100,Y
PINK ROBIN,PINK ROBIN,100,Y
PUFFIN,PUFFIN,100,Y
PUFFIN,PUFFIN,100,Y
PUFFIN,PUFFIN,57.30774403,Y
PUFFIN,PUFFIN,100,Y
PURPLE FINCH,PURPLE FINCH,99.92021918,Y
PURPLE FINCH,PURPLE FINCH,51.40839219,Y
PURPLE GALLINULE,PURPLE GALLINULE,100,Y
PURPLE GALLINULE,PURPLE GALLINULE,99.99688864,Y
PURPLE GALLINULE,PURPLE GALLINULE,99.99802113,Y
PURPLE GALLINULE,PURPLE GALLINULE,100,Y
PURPLE MARTIN,PURPLE MARTIN,99.89663363,Y
PURPLE MARTIN,PURPLE MARTIN,99.9999404,Y
PURPLE SWAMPHEN,PURPLE SWAMPHEN,99.99872446,Y
PURPLE SWAMPHEN,PURPLE SWAMPHEN,100,Y
PURPLE SWAMPHEN,PURPLE SWAMPHEN,99.99839067,Y
PURPLE SWAMPHEN,PURPLE SWAMPHEN,100,Y
PURPLE SWAMPHEN,PURPLE SWAMPHEN,100,Y
PYGMY KINGFISHER,PYGMY KINGFISHER,100,Y
PYGMY KINGFISHER,PYGMY KINGFISHER,100,Y
PYGMY KINGFISHER,PYGMY KINGFISHER,100,Y
PYGMY KINGFISHER,PYGMY KINGFISHER,99.21913743,Y
QUETZAL,QUETZAL,100,Y
QUETZAL,QUETZAL,83.28769207,Y
QUETZAL,QUETZAL,100,Y
QUETZAL,QUETZAL,100,Y
QUETZAL,QUETZAL,99.15129542,Y
RAINBOW LORIKEET,RAINBOW LORIKEET,100,Y
RAINBOW LORIKEET,RAINBOW LORIKEET,99.99960661,Y
RAINBOW LORIKEET,RAINBOW LORIKEET,100,Y
RAINBOW LORIKEET,RAINBOW LORIKEET,99.99742508,Y
RAZORBILL,RAZORBILL,99.97269511,Y
RAZORBILL,RAZORBILL,100,Y
RAZORBILL,RAZORBILL,99.9999404,Y
RAZORBILL,RAZORBILL,99.99998808,Y
RAZORBILL,RAZORBILL,100,Y
RED BEARDED BEE EATER,RED BEARDED BEE EATER,100,Y
RED BEARDED BEE EATER,RED BEARDED BEE EATER,100,Y
RED BEARDED BEE EATER,RED BEARDED BEE EATER,99.99907017,Y
RED BEARDED BEE EATER,RED BEARDED BEE EATER,100,Y
RED BEARDED BEE EATER,RED BEARDED BEE EATER,100,Y
RED BELLIED PITTA,RED BELLIED PITTA,100,Y
RED BELLIED PITTA,RED BELLIED PITTA,99.99287128,Y
RED BELLIED PITTA,RED BELLIED PITTA,100,Y
RED BELLIED PITTA,RED BELLIED PITTA,100,Y
RED BELLIED PITTA,RED BELLIED PITTA,100,Y
RED BROWED FINCH,RED BROWED FINCH,100,Y
RED BROWED FINCH,RED BROWED FINCH,100,Y
RED BROWED FINCH,RED BROWED FINCH,99.58670139,Y
RED BROWED FINCH,RED BROWED FINCH,100,Y
RED BROWED FINCH,RED BROWED FINCH,100,Y
RED FACED CORMORANT,RED FACED CORMORANT,98.79701138,Y
RED FACED CORMORANT,RED FACED CORMORANT,100,Y
RED FACED CORMORANT,RED FACED CORMORANT,100,Y
RED FACED CORMORANT,RED FACED CORMORANT,100,Y
RED FACED WARBLER,RED FACED WARBLER,99.99990463,Y
RED FACED WARBLER,RED FACED WARBLER,100,Y
RED FACED WARBLER,RED FACED WARBLER,98.83000851,Y
RED FACED WARBLER,RED FACED WARBLER,100,Y
RED FACED WARBLER,RED FACED WARBLER,100,Y
RED HEADED DUCK,RED HEADED DUCK,99.90606904,Y
RED HEADED DUCK,RED HEADED DUCK,100,Y
RED HEADED DUCK,RED HEADED DUCK,100,Y
RED HEADED DUCK,RED HEADED DUCK,100,Y
RED HEADED WOODPECKER,RED HEADED WOODPECKER,99.99952316,Y
RED HEADED WOODPECKER,RED HEADED WOODPECKER,100,Y
RED HEADED WOODPECKER,RED HEADED WOODPECKER,94.61900592,Y
RED HEADED WOODPECKER,RED HEADED WOODPECKER,93.54288578,Y
RED HONEY CREEPER,RED HONEY CREEPER,100,Y
RED HONEY CREEPER,RED HONEY CREEPER,100,Y
RED HONEY CREEPER,RED HONEY CREEPER,100,Y
RED HONEY CREEPER,RED HONEY CREEPER,100,Y
RED HONEY CREEPER,RED HONEY CREEPER,100,Y
RED NAPED TROGON,RED NAPED TROGON,99.23660159,Y
RED NAPED TROGON,RED NAPED TROGON,100,Y
RED NAPED TROGON,RED NAPED TROGON,99.69868064,Y
RED NAPED TROGON,RED NAPED TROGON,100,Y
RED TAILED HAWK,RED TAILED HAWK,99.96581078,Y
RED TAILED HAWK,RED TAILED HAWK,99.99982119,Y
RED TAILED HAWK,RED TAILED HAWK,99.99998808,Y
RED TAILED THRUSH,RED TAILED THRUSH,100,Y
RED TAILED THRUSH,RED TAILED THRUSH,100,Y
RED TAILED THRUSH,RED TAILED THRUSH,100,Y
RED TAILED THRUSH,RED TAILED THRUSH,100,Y
RED WINGED BLACKBIRD,RED WINGED BLACKBIRD,100,Y
RED WINGED BLACKBIRD,RED WINGED BLACKBIRD,99.88561869,Y
RED WINGED BLACKBIRD,RED WINGED BLACKBIRD,100,Y
RED WINGED BLACKBIRD,RED WINGED BLACKBIRD,89.08423185,Y
RED WISKERED BULBUL,RED WISKERED BULBUL,99.98605251,Y
RED WISKERED BULBUL,RED WISKERED BULBUL,100,Y
RED WISKERED BULBUL,RED WISKERED BULBUL,99.99848604,Y
RED WISKERED BULBUL,RED WISKERED BULBUL,100,Y
RED WISKERED BULBUL,RED WISKERED BULBUL,100,Y
REGENT BOWERBIRD,REGENT BOWERBIRD,100,Y
REGENT BOWERBIRD,REGENT BOWERBIRD,100,Y
REGENT BOWERBIRD,REGENT BOWERBIRD,100,Y
REGENT BOWERBIRD,REGENT BOWERBIRD,99.99580383,Y
REGENT BOWERBIRD,REGENT BOWERBIRD,100,Y
RING-NECKED PHEASANT,RING-NECKED PHEASANT,100,Y
RING-NECKED PHEASANT,RING-NECKED PHEASANT,100,Y
RING-NECKED PHEASANT,RING-NECKED PHEASANT,99.99990463,Y
RING-NECKED PHEASANT,RING-NECKED PHEASANT,100,Y
RING-NECKED PHEASANT,RING-NECKED PHEASANT,99.32702184,Y
ROADRUNNER,ROADRUNNER,100,Y
ROADRUNNER,ROADRUNNER,100,Y
ROADRUNNER,ROADRUNNER,99.22824502,Y
ROBIN,ROBIN,100,Y
ROBIN,ROBIN,100,Y
ROBIN,ROBIN,100,Y
ROBIN,ROBIN,100,Y
ROBIN,ROBIN,100,Y
ROCK DOVE,ROCK DOVE,51.70560479,Y
ROCK DOVE,ROCK DOVE,76.38349533,Y
ROCK DOVE,ROCK DOVE,98.06445241,Y
ROSY FACED LOVEBIRD,ROSY FACED LOVEBIRD,63.65603209,Y
ROSY FACED LOVEBIRD,ROSY FACED LOVEBIRD,98.96218777,Y
ROSY FACED LOVEBIRD,ROSY FACED LOVEBIRD,67.93459654,Y
ROUGH LEG BUZZARD,ROUGH LEG BUZZARD,99.68078732,Y
ROUGH LEG BUZZARD,ROUGH LEG BUZZARD,65.09696841,Y
ROYAL FLYCATCHER,ROYAL FLYCATCHER,100,Y
ROYAL FLYCATCHER,ROYAL FLYCATCHER,100,Y
ROYAL FLYCATCHER,ROYAL FLYCATCHER,100,Y
ROYAL FLYCATCHER,ROYAL FLYCATCHER,100,Y
ROYAL FLYCATCHER,ROYAL FLYCATCHER,100,Y
RUBY THROATED HUMMINGBIRD,RUBY THROATED HUMMINGBIRD,99.99456406,Y
RUBY THROATED HUMMINGBIRD,RUBY THROATED HUMMINGBIRD,99.95000362,Y
RUBY THROATED HUMMINGBIRD,RUBY THROATED HUMMINGBIRD,100,Y
RUBY THROATED HUMMINGBIRD,RUBY THROATED HUMMINGBIRD,99.64408278,Y
RUDY KINGFISHER,RUDY KINGFISHER,100,Y
RUDY KINGFISHER,RUDY KINGFISHER,100,Y
RUDY KINGFISHER,RUDY KINGFISHER,100,Y
RUDY KINGFISHER,RUDY KINGFISHER,100,Y
RUDY KINGFISHER,RUDY KINGFISHER,100,Y
RUFOUS KINGFISHER,RUFOUS KINGFISHER,99.97406602,Y
RUFOUS KINGFISHER,RUFOUS KINGFISHER,100,Y
RUFOUS KINGFISHER,RUFOUS KINGFISHER,100,Y
RUFUOS MOTMOT,RUFUOS MOTMOT,99.9738276,Y
RUFUOS MOTMOT,RUFUOS MOTMOT,100,Y
RUFUOS MOTMOT,RUFUOS MOTMOT,99.99990463,Y
RUFUOS MOTMOT,RUFUOS MOTMOT,100,Y
SAMATRAN THRUSH,SAMATRAN THRUSH,100,Y
SAMATRAN THRUSH,SAMATRAN THRUSH,100,Y
SAMATRAN THRUSH,SAMATRAN THRUSH,99.99986887,Y
SAND MARTIN,SAND MARTIN,70.14014125,Y
SAND MARTIN,SAND MARTIN,47.8176713,Y
SAND MARTIN,SAND MARTIN,99.99965429,Y
SANDHILL CRANE,SANDHILL CRANE,39.69146311,Y
SCARLET IBIS,SCARLET IBIS,100,Y
SCARLET IBIS,SCARLET IBIS,95.70930004,Y
SCARLET IBIS,SCARLET IBIS,100,Y
SCARLET IBIS,SCARLET IBIS,100,Y
SCARLET IBIS,SCARLET IBIS,70.32704949,Y
SCARLET MACAW,SCARLET MACAW,100,Y
SCARLET MACAW,SCARLET MACAW,100,Y
SCARLET MACAW,SCARLET MACAW,100,Y
SCARLET MACAW,SCARLET MACAW,99.99465942,Y
SCARLET MACAW,SCARLET MACAW,99.99898672,Y
SCARLET TANAGER,SCARLET TANAGER,100,Y
SCARLET TANAGER,SCARLET TANAGER,100,Y
SCARLET TANAGER,SCARLET TANAGER,100,Y
SCARLET TANAGER,SCARLET TANAGER,99.98846054,Y
SCARLET TANAGER,SCARLET TANAGER,99.99990463,Y
SHOEBILL,SHOEBILL,99.85623956,Y
SHOEBILL,SHOEBILL,99.20437932,Y
SHOEBILL,SHOEBILL,99.99995232,Y
SHORT BILLED DOWITCHER,SHORT BILLED DOWITCHER,100,Y
SHORT BILLED DOWITCHER,SHORT BILLED DOWITCHER,100,Y
SHORT BILLED DOWITCHER,SHORT BILLED DOWITCHER,99.99865294,Y
SHORT BILLED DOWITCHER,SHORT BILLED DOWITCHER,99.99997616,Y
SMITHS LONGSPUR,SMITHS LONGSPUR,90.12624025,Y
SMITHS LONGSPUR,SMITHS LONGSPUR,51.29320025,Y
SMITHS LONGSPUR,SMITHS LONGSPUR,100,Y
SNOWY EGRET,SNOWY EGRET,99.64385033,Y
SNOWY EGRET,SNOWY EGRET,99.99982119,Y
SNOWY EGRET,SNOWY EGRET,87.44057417,Y
SNOWY EGRET,SNOWY EGRET,99.99991655,Y
SNOWY OWL,SNOWY OWL,99.99988079,Y
SNOWY OWL,SNOWY OWL,53.29414606,Y
SNOWY OWL,SNOWY OWL,99.63433146,Y
SNOWY OWL,SNOWY OWL,57.76358843,Y
SORA,SORA,99.99952316,Y
SORA,SORA,99.99126196,Y
SORA,SORA,100,Y
SPANGLED COTINGA,SPANGLED COTINGA,100,Y
SPANGLED COTINGA,SPANGLED COTINGA,100,Y
SPANGLED COTINGA,SPANGLED COTINGA,100,Y
SPANGLED COTINGA,SPANGLED COTINGA,100,Y
SPANGLED COTINGA,SPANGLED COTINGA,64.98369575,Y
SPLENDID WREN,SPLENDID WREN,40.37199914,Y
SPLENDID WREN,SPLENDID WREN,95.50256133,Y
SPLENDID WREN,SPLENDID WREN,97.75508046,Y
SPOON BILED SANDPIPER,SPOON BILED SANDPIPER,98.56762886,Y
SPOON BILED SANDPIPER,SPOON BILED SANDPIPER,35.07867157,Y
SPOON BILED SANDPIPER,SPOON BILED SANDPIPER,97.93879986,Y
SPOON BILED SANDPIPER,SPOON BILED SANDPIPER,99.70440269,Y
SPOONBILL,SPOONBILL,99.99998808,Y
SPOONBILL,SPOONBILL,99.9985218,Y
SPOONBILL,SPOONBILL,99.99372959,Y
SPOONBILL,SPOONBILL,100,Y
SRI LANKA BLUE MAGPIE,SRI LANKA BLUE MAGPIE,99.99985695,Y
SRI LANKA BLUE MAGPIE,SRI LANKA BLUE MAGPIE,99.99908209,Y
SRI LANKA BLUE MAGPIE,SRI LANKA BLUE MAGPIE,100,Y
STEAMER DUCK,STEAMER DUCK,99.77943897,Y
STEAMER DUCK,STEAMER DUCK,94.09151077,Y
STEAMER DUCK,STEAMER DUCK,100,Y
STEAMER DUCK,STEAMER DUCK,100,Y
STEAMER DUCK,STEAMER DUCK,72.28764892,Y
STORK BILLED KINGFISHER,STORK BILLED KINGFISHER,99.99998808,Y
STORK BILLED KINGFISHER,STORK BILLED KINGFISHER,99.99986887,Y
STORK BILLED KINGFISHER,STORK BILLED KINGFISHER,99.99967813,Y
STORK BILLED KINGFISHER,STORK BILLED KINGFISHER,100,Y
STRAWBERRY FINCH,STRAWBERRY FINCH,100,Y
STRAWBERRY FINCH,STRAWBERRY FINCH,100,Y
STRAWBERRY FINCH,STRAWBERRY FINCH,99.99998808,Y
STRAWBERRY FINCH,STRAWBERRY FINCH,100,Y
STRIPPED MANAKIN,STRIPPED MANAKIN,100,Y
STRIPPED MANAKIN,STRIPPED MANAKIN,100,Y
STRIPPED MANAKIN,STRIPPED MANAKIN,100,Y
STRIPPED MANAKIN,STRIPPED MANAKIN,99.9999404,Y
STRIPPED MANAKIN,STRIPPED MANAKIN,100,Y
STRIPPED SWALLOW,STRIPPED SWALLOW,84.27445889,Y
STRIPPED SWALLOW,STRIPPED SWALLOW,100,Y
STRIPPED SWALLOW,STRIPPED SWALLOW,92.35535264,Y
STRIPPED SWALLOW,STRIPPED SWALLOW,100,Y
STRIPPED SWALLOW,STRIPPED SWALLOW,99.99957085,Y
SUPERB STARLING,SUPERB STARLING,100,Y
SUPERB STARLING,SUPERB STARLING,100,Y
SUPERB STARLING,SUPERB STARLING,100,Y
SUPERB STARLING,SUPERB STARLING,100,Y
SUPERB STARLING,SUPERB STARLING,100,Y
SWINHOES PHEASANT,SWINHOES PHEASANT,99.99073744,Y
SWINHOES PHEASANT,SWINHOES PHEASANT,99.99357462,Y
SWINHOES PHEASANT,SWINHOES PHEASANT,99.99984503,Y
SWINHOES PHEASANT,SWINHOES PHEASANT,100,Y
TAIWAN MAGPIE,TAIWAN MAGPIE,99.99448061,Y
TAIWAN MAGPIE,TAIWAN MAGPIE,99.99998808,Y
TAIWAN MAGPIE,TAIWAN MAGPIE,99.99991655,Y
TAIWAN MAGPIE,TAIWAN MAGPIE,99.8799324,Y
TAKAHE,TAKAHE,99.99984503,Y
TAKAHE,TAKAHE,99.91061091,Y
TAKAHE,TAKAHE,98.86991382,Y
TAKAHE,TAKAHE,100,Y
TAKAHE,TAKAHE,100,Y
TASMANIAN HEN,TASMANIAN HEN,100,Y
TASMANIAN HEN,TASMANIAN HEN,100,Y
TASMANIAN HEN,TASMANIAN HEN,99.98831749,Y
TEAL DUCK,TEAL DUCK,99.91964698,Y
TEAL DUCK,TEAL DUCK,80.55214882,Y
TEAL DUCK,TEAL DUCK,51.18516088,Y
TEAL DUCK,TEAL DUCK,100,Y
TEAL DUCK,TEAL DUCK,100,Y
TIT MOUSE,TIT MOUSE,99.98766184,Y
TIT MOUSE,TIT MOUSE,99.19347763,Y
TIT MOUSE,TIT MOUSE,95.32080293,Y
TOUCHAN,TOUCHAN,99.97751117,Y
TOUCHAN,TOUCHAN,100,Y
TOUCHAN,TOUCHAN,100,Y
TOWNSENDS WARBLER,TOWNSENDS WARBLER,69.94997263,Y
TOWNSENDS WARBLER,TOWNSENDS WARBLER,100,Y
TOWNSENDS WARBLER,TOWNSENDS WARBLER,99.99198914,Y
TOWNSENDS WARBLER,TOWNSENDS WARBLER,99.99203682,Y
TREE SWALLOW,TREE SWALLOW,99.21110868,Y
TREE SWALLOW,TREE SWALLOW,99.99665022,Y
TREE SWALLOW,TREE SWALLOW,99.99866486,Y
TREE SWALLOW,TREE SWALLOW,99.95057583,Y
TREE SWALLOW,TREE SWALLOW,99.99804497,Y
TRUMPTER SWAN,TRUMPTER SWAN,100,Y
TRUMPTER SWAN,TRUMPTER SWAN,100,Y
TRUMPTER SWAN,TRUMPTER SWAN,99.10928607,Y
TRUMPTER SWAN,TRUMPTER SWAN,49.80317652,Y
TURKEY VULTURE,TURKEY VULTURE,99.98657703,Y
TURQUOISE MOTMOT,TURQUOISE MOTMOT,100,Y
TURQUOISE MOTMOT,TURQUOISE MOTMOT,100,Y
TURQUOISE MOTMOT,TURQUOISE MOTMOT,100,Y
TURQUOISE MOTMOT,TURQUOISE MOTMOT,100,Y
TURQUOISE MOTMOT,TURQUOISE MOTMOT,100,Y
UMBRELLA BIRD,UMBRELLA BIRD,100,Y
UMBRELLA BIRD,UMBRELLA BIRD,99.91278052,Y
UMBRELLA BIRD,UMBRELLA BIRD,100,Y
UMBRELLA BIRD,UMBRELLA BIRD,48.3982861,Y
VARIED THRUSH,VARIED THRUSH,100,Y
VARIED THRUSH,VARIED THRUSH,100,Y
VARIED THRUSH,VARIED THRUSH,99.9999404,Y
VENEZUELIAN TROUPIAL,VENEZUELIAN TROUPIAL,100,Y
VENEZUELIAN TROUPIAL,VENEZUELIAN TROUPIAL,99.88104105,Y
VENEZUELIAN TROUPIAL,VENEZUELIAN TROUPIAL,100,Y
VENEZUELIAN TROUPIAL,VENEZUELIAN TROUPIAL,100,Y
VENEZUELIAN TROUPIAL,VENEZUELIAN TROUPIAL,100,Y
VERMILION FLYCATHER,VERMILION FLYCATHER,96.92960382,Y
VERMILION FLYCATHER,VERMILION FLYCATHER,100,Y
VERMILION FLYCATHER,VERMILION FLYCATHER,53.48897576,Y
VERMILION FLYCATHER,VERMILION FLYCATHER,100,Y
VERMILION FLYCATHER,VERMILION FLYCATHER,99.98867512,Y
VICTORIA CROWNED PIGEON,VICTORIA CROWNED PIGEON,99.99731779,Y
VICTORIA CROWNED PIGEON,VICTORIA CROWNED PIGEON,100,Y
VICTORIA CROWNED PIGEON,VICTORIA CROWNED PIGEON,100,Y
VICTORIA CROWNED PIGEON,VICTORIA CROWNED PIGEON,100,Y
VIOLET GREEN SWALLOW,VIOLET GREEN SWALLOW,100,Y
VIOLET GREEN SWALLOW,VIOLET GREEN SWALLOW,100,Y
VIOLET GREEN SWALLOW,VIOLET GREEN SWALLOW,98.55597019,Y
VIOLET GREEN SWALLOW,VIOLET GREEN SWALLOW,99.51660633,Y
VIOLET GREEN SWALLOW,VIOLET GREEN SWALLOW,99.99533892,Y
VULTURINE GUINEAFOWL,VULTURINE GUINEAFOWL,99.99995232,Y
VULTURINE GUINEAFOWL,VULTURINE GUINEAFOWL,100,Y
VULTURINE GUINEAFOWL,VULTURINE GUINEAFOWL,100,Y
VULTURINE GUINEAFOWL,VULTURINE GUINEAFOWL,52.11743712,Y
VULTURINE GUINEAFOWL,VULTURINE GUINEAFOWL,100,Y
WALL CREAPER,WALL CREAPER,99.6143043,Y
WALL CREAPER,WALL CREAPER,99.99855757,Y
WALL CREAPER,WALL CREAPER,99.99998808,Y
WALL CREAPER,WALL CREAPER,99.53935146,Y
WALL CREAPER,WALL CREAPER,100,Y
WATTLED CURASSOW,WATTLED CURASSOW,100,Y
WATTLED CURASSOW,WATTLED CURASSOW,99.99997616,Y
WHIMBREL,WHIMBREL,99.55642223,Y
WHIMBREL,WHIMBREL,94.1514492,Y
WHIMBREL,WHIMBREL,100,Y
WHIMBREL,WHIMBREL,71.26652002,Y
WHITE CHEEKED TURACO,WHITE CHEEKED TURACO,99.99990463,Y
WHITE CHEEKED TURACO,WHITE CHEEKED TURACO,99.99953508,Y
WHITE CHEEKED TURACO,WHITE CHEEKED TURACO,100,Y
WHITE NECKED RAVEN,WHITE NECKED RAVEN,99.98924732,Y
WHITE TAILED TROPIC,WHITE TAILED TROPIC,99.69778061,Y
WHITE TAILED TROPIC,WHITE TAILED TROPIC,97.70011306,Y
WHITE TAILED TROPIC,WHITE TAILED TROPIC,100,Y
WHITE TAILED TROPIC,WHITE TAILED TROPIC,99.99990463,Y
WHITE THROATED BEE EATER,WHITE THROATED BEE EATER,99.85890985,Y
WHITE THROATED BEE EATER,WHITE THROATED BEE EATER,100,Y
WHITE THROATED BEE EATER,WHITE THROATED BEE EATER,99.99952316,Y
WHITE THROATED BEE EATER,WHITE THROATED BEE EATER,99.19601083,Y
WILD TURKEY,WILD TURKEY,99.99703169,Y
WILD TURKEY,WILD TURKEY,99.99998808,Y
WILD TURKEY,WILD TURKEY,100,Y
WILD TURKEY,WILD TURKEY,100,Y
WILD TURKEY,WILD TURKEY,83.96437764,Y
WILSONS BIRD OF PARADISE,WILSONS BIRD OF PARADISE,100,Y
WILSONS BIRD OF PARADISE,WILSONS BIRD OF PARADISE,100,Y
WILSONS BIRD OF PARADISE,WILSONS BIRD OF PARADISE,100,Y
WILSONS BIRD OF PARADISE,WILSONS BIRD OF PARADISE,99.99998808,Y
WILSONS BIRD OF PARADISE,WILSONS BIRD OF PARADISE,100,Y
WOOD DUCK,WOOD DUCK,100,Y
WOOD DUCK,WOOD DUCK,99.99998808,Y
WOOD DUCK,WOOD DUCK,100,Y
WOOD DUCK,WOOD DUCK,100,Y
YELLOW BELLIED FLOWERPECKER,YELLOW BELLIED FLOWERPECKER,96.72579169,Y
YELLOW BELLIED FLOWERPECKER,YELLOW BELLIED FLOWERPECKER,99.74319339,Y
YELLOW BELLIED FLOWERPECKER,YELLOW BELLIED FLOWERPECKER,100,Y
YELLOW BELLIED FLOWERPECKER,YELLOW BELLIED FLOWERPECKER,99.88125563,Y
YELLOW CACIQUE,YELLOW CACIQUE,100,Y
YELLOW CACIQUE,YELLOW CACIQUE,100,Y
YELLOW CACIQUE,YELLOW CACIQUE,100,Y
YELLOW CACIQUE,YELLOW CACIQUE,99.9520421,Y
YELLOW CACIQUE,YELLOW CACIQUE,100,Y
YELLOW HEADED BLACKBIRD,YELLOW HEADED BLACKBIRD,100,Y
YELLOW HEADED BLACKBIRD,YELLOW HEADED BLACKBIRD,100,Y
YELLOW HEADED BLACKBIRD,YELLOW HEADED BLACKBIRD,100,Y
